player_name,surface,matches,wins,losses
"Abdulhameed Alshatti",Hard,4,0,4
"Abdulhamid Mubarak",Clay,1,0,1
"Abdullah Maqdas",Clay,2,1,1
"Abdullah Maqdas",Hard,6,4,2
"Abdulrahman Alawadhi",Clay,1,0,1
"Abedallah Shelbayh",Clay,4,1,3
"Abedallah Shelbayh",Grass,2,0,2
"Abedallah Shelbayh",Hard,8,2,6
"Adam Hornby",Clay,2,0,2
"Adam Hornby",Hard,1,0,1
"Adam Moundir",Clay,3,1,2
"Adam Moundir",Hard,1,0,1
"Adam Neff",Hard,1,0,1
"Adam Pavlasek",Clay,9,5,4
"Adam Pavlasek",Grass,2,1,1
"Adam Pavlasek",Hard,4,0,4
"Adam Walton",Clay,1,0,1
"Adam Walton",Grass,4,2,2
"Adam Walton",Hard,9,1,8
"Aditya Hari Sasongko",Clay,1,0,1
"Aditya Hari Sasongko",Hard,6,3,3
"Adolfo Daniel Vallejo",Clay,4,2,2
"Adria Soriano Barrera",Clay,2,1,1
"Adria Soriano Barrera",Hard,1,0,1
"Adrian Andreev",Hard,9,2,7
"Adrian Bodmer",Hard,2,0,2
"Adrian Mannarino",Clay,69,16,53
"Adrian Mannarino",Grass,114,66,48
"Adrian Mannarino",Hard,415,205,210
"Adrian Menendez Maceiras",Clay,6,1,5
"Adrian Menendez Maceiras",Grass,3,1,2
"Adrian Menendez Maceiras",Hard,12,4,8
"Adrian Ungur",Clay,16,6,10
"Adrian Ungur",Hard,13,5,8
"Adrien Bossel",Clay,1,0,1
"Adrien Bossel",Grass,1,0,1
"Adrien Bossel",Hard,2,0,2
"Agustin Velotti",Clay,2,0,2
"Ainius Sabaliauskas",Hard,2,1,1
"Aisam Ul Haq Qureshi",Clay,3,3,0
"Aisam Ul Haq Qureshi",Grass,9,5,4
"Aisam Ul Haq Qureshi",Hard,4,2,2
"Aissa Benchakroun",Clay,1,1,0
"Ajeet Rai",Hard,7,1,6
"Akira Santillan",Clay,2,0,2
"Akira Santillan",Grass,2,1,1
"Akira Santillan",Hard,5,1,4
"Alan Fernando Rubio Fierros",Clay,1,0,1
"Alan Fernando Rubio Fierros",Hard,2,1,1
"Alastair Gray",Grass,4,1,3
"Albano Olivetti",Clay,2,0,2
"Albano Olivetti",Grass,3,0,3
"Albano Olivetti",Hard,8,4,4
"Albert Montanes",Clay,78,39,39
"Albert Montanes",Grass,1,0,1
"Albert Montanes",Hard,11,2,9
"Albert Ramos",Clay,317,169,148
"Albert Ramos",Grass,20,5,15
"Albert Ramos",Hard,175,60,115
"Alberto Emmanuel Alvarado Larin",Hard,8,0,8
"Alberto Lim",Clay,3,1,2
"Alberto Lim",Hard,5,2,3
"Aldin Setkic",Clay,1,0,1
"Aldin Setkic",Hard,1,0,1
"Alec Beckley","",1,0,1
"Alec Beckley",Clay,1,0,1
"Alejandro Davidovich Fokina",Clay,80,42,38
"Alejandro Davidovich Fokina",Grass,16,6,10
"Alejandro Davidovich Fokina",Hard,137,67,70
"Alejandro Falla",Clay,20,7,13
"Alejandro Falla",Grass,19,10,9
"Alejandro Falla",Hard,39,12,27
"Alejandro Gomez Gb42",Hard,2,1,1
"Alejandro Gonzalez",Clay,36,10,26
"Alejandro Gonzalez",Grass,4,0,4
"Alejandro Gonzalez",Hard,48,18,30
"Alejandro Mendoza",Clay,1,0,1
"Alejandro Moro Canas",Clay,2,1,1
"Alejandro Moro Canas",Grass,1,0,1
"Alejandro Tabilo",Clay,46,25,21
"Alejandro Tabilo",Grass,14,8,6
"Alejandro Tabilo",Hard,53,25,28
"Aleksandar Kovacevic",Clay,8,1,7
"Aleksandar Kovacevic",Grass,5,2,3
"Aleksandar Kovacevic",Hard,35,13,22
"Aleksandar Vukic",Clay,13,4,9
"Aleksandar Vukic",Grass,18,10,8
"Aleksandar Vukic",Hard,63,27,36
"Aleksandr Nedovyesov",Clay,18,4,14
"Aleksandr Nedovyesov",Grass,7,1,6
"Aleksandr Nedovyesov",Hard,23,5,18
"Aleksandre Bakshi","",1,1,0
"Aleksandre Bakshi",Hard,3,2,1
"Aleksandre Metreveli",Clay,2,1,1
"Aleksandre Metreveli",Hard,7,1,6
"Alen Avidzba",Hard,2,1,1
"Alessandro Bega",Hard,1,0,1
"Alessandro Giannessi",Clay,21,8,13
"Alessandro Giannessi",Hard,8,2,6
"Alex Bogomolov Jr",Clay,2,0,2
"Alex Bogomolov Jr",Hard,14,4,10
"Alex Bolt",Grass,13,4,9
"Alex Bolt",Hard,35,13,22
"Alex De Minaur",Clay,62,30,32
"Alex De Minaur",Grass,51,33,18
"Alex De Minaur",Hard,297,191,106
"Alex Diaz",Hard,4,2,2
"Alex Fairbanks",Clay,1,0,1
"Alex Knaff","",2,2,0
"Alex Knaff",Clay,5,2,3
"Alex Knaff",Hard,4,2,2
"Alex Kuznetsov",Grass,5,0,5
"Alex Kuznetsov",Hard,19,6,13
"Alex Llompart",Hard,3,2,1
"Alex Michelsen",Clay,9,3,6
"Alex Michelsen",Grass,16,9,7
"Alex Michelsen",Hard,54,29,25
"Alex Molcan",Clay,49,31,18
"Alex Molcan",Grass,7,3,4
"Alex Molcan",Hard,39,16,23
"Alex Rybakov",Hard,1,0,1
"Alexandar Lazarov",Clay,1,1,0
"Alexandar Lazarov",Hard,11,3,8
"Alexandar Lazov",Clay,1,0,1
"Alexandar Lazov",Hard,5,1,4
"Alexander Blockx",Hard,3,0,3
"Alexander Bublik",Clay,53,21,32
"Alexander Bublik",Grass,52,33,19
"Alexander Bublik",Hard,197,98,99
"Alexander Cozbinov",Hard,3,0,3
"Alexander Donski",Hard,2,1,1
"Alexander Erler",Clay,2,1,1
"Alexander Kudryavtsev",Grass,1,0,1
"Alexander Kudryavtsev",Hard,11,4,7
"Alexander Merino",Clay,1,0,1
"Alexander Ritschard",Clay,6,2,4
"Alexander Ritschard",Grass,1,0,1
"Alexander Ritschard",Hard,4,2,2
"Alexander Sarkissian",Hard,6,2,4
"Alexander Shevchenko",Clay,28,12,16
"Alexander Shevchenko",Grass,4,1,3
"Alexander Shevchenko",Hard,54,25,29
"Alexander Ward",Grass,3,0,3
"Alexander Zgirovsky",Clay,1,0,1
"Alexander Zverev",Clay,214,155,59
"Alexander Zverev",Grass,59,39,20
"Alexander Zverev",Hard,399,274,125
"Alexandr Dolgopolov",Clay,74,38,36
"Alexandr Dolgopolov",Grass,30,18,12
"Alexandr Dolgopolov",Hard,140,72,68
"Alexandre Muller",Clay,27,12,15
"Alexandre Muller",Grass,4,2,2
"Alexandre Muller",Hard,35,13,22
"Alexandre Sidorenko",Hard,3,1,2
"Alexandros Jakupovic",Carpet,4,0,4
"Alexandros Jakupovic",Clay,2,2,0
"Alexandros Skorilas",Hard,2,1,1
"Alexei Popyrin",Clay,44,20,24
"Alexei Popyrin",Grass,20,6,14
"Alexei Popyrin",Hard,142,68,74
"Alexey Vatutin",Clay,6,2,4
"Alexey Vatutin",Hard,3,0,3
"Alexios Halebian",Hard,1,0,1
"Alexis Galarneau",Clay,1,0,1
"Alexis Galarneau",Hard,4,2,2
"Alexis Klegou",Hard,1,0,1
"Ali Ghareeb",Clay,1,0,1
"Ali Ghareeb",Hard,2,0,2
"Alibek Kachmazov",Hard,9,4,5
"Aljaz Bedene",Clay,115,58,57
"Aljaz Bedene",Grass,34,12,22
"Aljaz Bedene",Hard,123,56,67
"Aljaz Radinski",Hard,1,1,0
"Altug Celikbilek","",1,1,0
"Altug Celikbilek",Clay,3,1,2
"Altug Celikbilek",Grass,3,1,2
"Altug Celikbilek",Hard,15,10,5
"Alvaro Guillen Meza",Clay,2,1,1
"Alvaro Lopez San Martin",Clay,1,0,1
"Amer Naow",Hard,1,0,1
"Amine Ahouda",Carpet,1,0,1
"Amine Ahouda",Clay,6,2,4
"Amine Ahouda",Hard,1,0,1
"Amir Hossein Badi",Hard,1,0,1
"Amir Milushev",Hard,1,0,1
"Amir Weintraub",Clay,4,3,1
"Amir Weintraub",Grass,1,0,1
"Amir Weintraub",Hard,4,1,3
"Amr Elsayed Abdou Ahmed Mohamed","",2,1,1
"Amr Elsayed Abdou Ahmed Mohamed",Clay,4,2,2
"Amr Elsayed Abdou Ahmed Mohamed",Hard,2,0,2
"Andis Juska",Hard,4,0,4
"Andre Ghem",Clay,2,0,2
"Andrea Arnaboldi",Clay,13,4,9
"Andrea Arnaboldi",Grass,1,0,1
"Andrea Arnaboldi",Hard,1,0,1
"Andrea Basso",Clay,1,0,1
"Andrea Collarini",Clay,2,0,2
"Andrea Pellegrino",Clay,3,1,2
"Andrea Vavassori",Clay,15,7,8
"Andrea Vavassori",Grass,2,0,2
"Andrea Vavassori",Hard,4,2,2
"Andreas Beck",Clay,5,0,5
"Andreas Beck",Hard,3,0,3
"Andreas Bjerrehus",Hard,1,0,1
"Andreas Haider Maurer",Clay,46,18,28
"Andreas Haider Maurer",Grass,10,3,7
"Andreas Haider Maurer",Hard,30,11,19
"Andreas Seppi",Clay,100,41,59
"Andreas Seppi",Grass,55,29,26
"Andreas Seppi",Hard,219,104,115
"Andrei Ciumac",Hard,1,0,1
"Andrei Soltoianu",Hard,1,0,1
"Andrej Martin",Clay,50,23,27
"Andrej Martin",Grass,1,0,1
"Andrej Martin",Hard,10,4,6
"Andrej Nedic",Clay,2,0,2
"Andrej Nedic",Hard,1,0,1
"Andreja Petrovic",Hard,1,0,1
"Andres Andrade",Clay,1,1,0
"Andres Andrade",Hard,2,1,1
"Andres Artunedo Martinavarro",Hard,2,0,2
"Andres Bucaro",Clay,2,0,2
"Andres Martin",Hard,4,1,3
"Andres Molteni",Clay,1,0,1
"Andrew Harris",Hard,3,1,2
"Andrew Whittington",Grass,1,0,1
"Andrew Whittington",Hard,4,2,2
"Andrey Golubev",Clay,34,13,21
"Andrey Golubev",Grass,4,0,4
"Andrey Golubev",Hard,46,14,32
"Andrey Kuznetsov",Clay,49,23,26
"Andrey Kuznetsov",Grass,16,6,10
"Andrey Kuznetsov",Hard,83,44,39
"Andrey Rublev",Clay,118,78,40
"Andrey Rublev",Grass,29,19,10
"Andrey Rublev",Hard,376,241,135
"Andy Murray",Clay,94,69,25
"Andy Murray",Grass,69,51,18
"Andy Murray",Hard,373,261,112
"Anil Yuksel",Clay,1,0,1
"Anil Yuksel",Hard,1,0,1
"Anis Ghorbel",Carpet,1,0,1
"Anoosha Shahgholi",Clay,1,0,1
"Anoosha Shahgholi",Hard,2,0,2
"Ante Pavic",Clay,4,0,4
"Ante Pavic",Grass,9,4,5
"Ante Pavic",Hard,8,1,7
"Anthony Jackie Tang",Hard,1,1,0
"Anthony Susanto","",1,0,1
"Anthony Susanto",Clay,1,0,1
"Anthony Susanto",Hard,3,0,3
"Antoine Bellier",Clay,5,1,4
"Antoine Bellier",Grass,4,3,1
"Antoine Bellier",Hard,4,1,3
"Antoine Escoffier",Hard,1,0,1
"Antoine Hoang",Clay,4,2,2
"Antoine Hoang",Grass,2,1,1
"Antoine Hoang",Hard,13,3,10
"Antonio Veic",Hard,1,0,1
"Antso Rakotondramanga",Clay,2,1,1
"Antso Rakotondramanga",Hard,4,2,2
"Aqeel Khan","",1,0,1
"Aqeel Khan",Clay,7,3,4
"Aqeel Khan",Grass,12,8,4
"Aqeel Khan",Hard,9,8,1
"Ari Fahresi",Hard,1,1,0
"Ariel Behar",Hard,4,0,4
"Aristotelis Thanos",Clay,1,1,0
"Aristotelis Thanos",Hard,3,1,2
"Arjun Kadhe",Hard,4,0,4
"Arklon Huertas Del Pino","",1,1,0
"Artem Dubrivnyy",Hard,1,0,1
"Artem Sitak",Hard,1,0,1
"Artem Smirnov",Clay,2,0,2
"Artem Smirnov",Hard,3,0,3
"Arthur Cazaux",Clay,6,1,5
"Arthur Cazaux",Grass,3,1,2
"Arthur Cazaux",Hard,20,9,11
"Arthur De Greef",Clay,7,2,5
"Arthur De Greef",Hard,3,1,2
"Arthur Fery",Grass,2,0,2
"Arthur Fils",Clay,33,19,14
"Arthur Fils",Grass,11,6,5
"Arthur Fils",Hard,65,38,27
"Arthur Rinderknech",Clay,41,19,22
"Arthur Rinderknech",Grass,19,7,12
"Arthur Rinderknech",Hard,97,48,49
"Arturs Lazdins",Hard,3,0,3
"Aslan Karatsev",Clay,45,22,23
"Aslan Karatsev",Grass,12,4,8
"Aslan Karatsev",Hard,109,53,56
"Attila Balazs",Clay,26,14,12
"Attila Balazs",Grass,1,0,1
"Attila Balazs",Hard,7,0,7
"August Holmgren",Clay,2,1,1
"August Holmgren",Hard,7,4,3
"Austin Krajicek",Clay,2,0,2
"Austin Krajicek",Grass,7,2,5
"Austin Krajicek",Hard,27,11,16
"Austin Smith",Hard,1,0,1
"Axel Michon",Clay,4,2,2
"Ayed Zatar",Clay,4,1,3
"Ayed Zatar",Hard,1,0,1
"Ayoub Chakrouni",Clay,2,2,0
"Aziz Dougaz","",1,0,1
"Aziz Dougaz",Clay,4,2,2
"Aziz Dougaz",Hard,8,3,5
"Aziz Ouakaa",Clay,1,1,0
"Aziz Ouakaa",Hard,1,0,1
"Bar Tzuf Botzer",Hard,6,0,6
"Bastian Trinker",Clay,3,1,2
"Beibit Zhukayev",Hard,9,4,5
"Ben Patael",Clay,1,0,1
"Ben Patael",Hard,1,0,1
"Ben Shelton",Clay,21,10,11
"Ben Shelton",Grass,13,6,7
"Ben Shelton",Hard,89,54,35
"Benedict Badza",Hard,1,1,0
"Benjamin Balleret",Clay,9,3,6
"Benjamin Balleret",Hard,10,5,5
"Benjamin Becker",Clay,26,7,19
"Benjamin Becker",Grass,27,14,13
"Benjamin Becker",Hard,115,53,62
"Benjamin Bonzi",Clay,17,5,12
"Benjamin Bonzi",Grass,18,9,9
"Benjamin Bonzi",Hard,71,32,39
"Benjamin Hannestad",Carpet,1,1,0
"Benjamin Hannestad",Hard,2,0,2
"Benjamin Hassan","",2,1,1
"Benjamin Hassan",Clay,13,9,4
"Benjamin Hassan",Hard,10,5,5
"Benjamin Lock",Clay,1,0,1
"Benjamin Lock",Hard,12,8,4
"Benjamin Mitchell",Hard,1,0,1
"Benoit Paire",Clay,147,63,84
"Benoit Paire",Grass,40,16,24
"Benoit Paire",Hard,249,110,139
"Bernabe Zapata Miralles",Clay,59,28,31
"Bernabe Zapata Miralles",Grass,6,0,6
"Bernabe Zapata Miralles",Hard,32,7,25
"Bernard Tomic",Clay,37,8,29
"Bernard Tomic",Grass,53,29,24
"Bernard Tomic",Hard,169,94,75
"Billy Harris",Grass,10,6,4
"Billy Harris",Hard,5,2,3
"Bjorn Fratangelo",Clay,16,5,11
"Bjorn Fratangelo",Grass,6,3,3
"Bjorn Fratangelo",Hard,40,14,26
"Bjorn Phau",Hard,10,6,4
"Blaise Bicknell","",2,2,0
"Blaise Bicknell",Clay,3,1,2
"Blaise Bicknell",Hard,4,3,1
"Blake Mott",Hard,2,0,2
"Blaz Kavcic",Clay,8,1,7
"Blaz Kavcic",Grass,7,2,5
"Blaz Kavcic",Hard,42,17,25
"Blaz Rola",Clay,21,10,11
"Blaz Rola",Grass,9,2,7
"Blaz Rola",Hard,19,6,13
"Bogdan Borza",Hard,1,1,0
"Bor Artnak","",1,0,1
"Bor Artnak",Clay,5,2,3
"Boris Arias",Clay,1,1,0
"Borna Coric",Clay,127,70,57
"Borna Coric",Grass,26,12,14
"Borna Coric",Hard,277,148,129
"Borna Gojo",Clay,3,1,2
"Borna Gojo",Grass,2,0,2
"Borna Gojo",Hard,37,19,18
"Botic Van De Zandschulp",Clay,42,22,20
"Botic Van De Zandschulp",Grass,19,9,10
"Botic Van De Zandschulp",Hard,125,64,61
"Bowen Ouyang",Hard,2,0,2
"Bradley Klahn",Clay,4,0,4
"Bradley Klahn",Grass,12,2,10
"Bradley Klahn",Hard,44,11,33
"Brandon Holt",Hard,9,2,7
"Brandon Nakashima",Clay,23,11,12
"Brandon Nakashima",Grass,26,14,12
"Brandon Nakashima",Hard,127,71,56
"Brandon Perez",Clay,1,0,1
"Brandon Perez",Hard,2,0,2
"Branko Djuric",Hard,1,0,1
"Brayden Schnur",Grass,3,0,3
"Brayden Schnur",Hard,21,4,17
"Brian Baker",Clay,2,0,2
"Brian Baker",Grass,4,1,3
"Brian Baker",Hard,6,1,5
"Brian Shi",Hard,1,0,1
"Bruno Britez",Clay,2,1,1
"Bruno Britez",Hard,1,0,1
"Brydan Klein",Grass,4,0,4
"Brydan Klein",Hard,3,1,2
"Bu Yunchaokete",Clay,1,0,1
"Bu Yunchaokete",Hard,17,10,7
"Caleb Chakravarthi",Hard,1,0,1
"Calvin Hemery",Clay,7,2,5
"Calvin Hemery",Hard,4,0,4
"Cameron Norrie",Clay,99,61,38
"Cameron Norrie",Grass,41,22,19
"Cameron Norrie",Hard,225,126,99
"Camilo Ugo Carabelli",Clay,11,4,7
"Camilo Ugo Carabelli",Hard,2,0,2
"Carl Soderlund",Clay,2,1,1
"Carlos Alcaraz",Clay,99,81,18
"Carlos Alcaraz",Grass,27,24,3
"Carlos Alcaraz",Hard,139,104,35
"Carlos Berlocq",Clay,104,53,51
"Carlos Berlocq",Grass,10,3,7
"Carlos Berlocq",Hard,32,8,24
"Carlos Gimeno Valero",Clay,1,0,1
"Carlos Taberner",Clay,27,9,18
"Carlos Taberner",Grass,1,0,1
"Carlos Taberner",Hard,10,4,6
"Casper Ruud",Clay,199,147,52
"Casper Ruud",Grass,12,5,7
"Casper Ruud",Hard,186,104,82
"Cayetano March",Hard,2,1,1
"Cedrik Marcel Stebe",Clay,17,8,9
"Cedrik Marcel Stebe",Grass,2,0,2
"Cedrik Marcel Stebe",Hard,25,9,16
"Cem Ilkel","",1,1,0
"Cem Ilkel",Clay,11,0,11
"Cem Ilkel",Grass,3,0,3
"Cem Ilkel",Hard,26,9,17
"Cesar Cruz",Clay,2,0,2
"Cesar Cruz",Hard,2,0,2
"Cesar Ramirez",Hard,2,0,2
"Cezar Cretu",Hard,2,2,0
"Chak Lam Coleman Wong",Hard,1,0,1
"Charalampos Kapogiannis",Clay,2,0,2
"Charles Broom",Grass,2,0,2
"Chase Buchanan",Hard,2,0,2
"Cheng Yu Yu",Hard,1,0,1
"Chieh Fu Wang",Hard,4,2,2
"Ching Lam",Hard,1,0,1
"Chris Guccione",Grass,2,0,2
"Chris Rodesch","",1,1,0
"Chris Rodesch",Clay,4,2,2
"Chris Rodesch",Hard,2,1,1
"Christian Garay",Hard,2,2,0
"Christian Harrison",Clay,1,0,1
"Christian Harrison",Grass,5,2,3
"Christian Harrison",Hard,7,3,4
"Christian Lindell",Clay,12,7,5
"Christian Lindell",Hard,4,0,4
"Christian Sigsgaard",Carpet,2,2,0
"Christian Sigsgaard",Grass,1,0,1
"Christian Sigsgaard",Hard,4,1,3
"Christoffer Konigsfeldt",Hard,1,0,1
"Christophe Tholl",Clay,2,0,2
"Christophe Tholl",Hard,4,0,4
"Christopher Diaz Figueroa",Clay,4,2,2
"Christopher Diaz Figueroa",Hard,12,8,4
"Christopher Eubanks",Clay,9,1,8
"Christopher Eubanks",Grass,25,15,10
"Christopher Eubanks",Hard,69,25,44
"Christopher Oconnell",Clay,25,9,16
"Christopher Oconnell",Grass,10,4,6
"Christopher Oconnell",Hard,82,34,48
"Christopher Rungkat","",1,1,0
"Christopher Rungkat",Hard,8,8,0
"Chuhan Wang",Hard,5,2,3
"Chun Hsin Tseng",Clay,4,1,3
"Chun Hsin Tseng",Grass,1,0,1
"Chun Hsin Tseng",Hard,27,7,20
"Chun Hun Wong",Hard,2,0,2
"Clay Thompson",Grass,2,0,2
"Clement Chidekh",Hard,1,0,1
"Clement Mainguy","",2,0,2
"Cole Gromley",Hard,1,0,1
"Coleman Wong",Grass,1,0,1
"Coleman Wong",Hard,14,7,7
"Colin Sinclair","",2,1,1
"Collin Altamirano",Hard,1,0,1
"Conner Huertas Del Pino","",1,1,0
"Conor Gannon",Clay,3,1,2
"Constant Lestienne",Clay,7,0,7
"Constant Lestienne",Grass,7,1,6
"Constant Lestienne",Hard,45,16,29
"Constantinos Ioannides",Clay,2,0,2
"Corentin Moutet",Clay,65,26,39
"Corentin Moutet",Grass,16,7,9
"Corentin Moutet",Hard,75,32,43
"Courtney John Lock",Hard,3,0,3
"Cristian Garin",Clay,144,88,56
"Cristian Garin",Grass,19,9,10
"Cristian Garin",Hard,86,33,53
"Cristian Rodriguez",Hard,1,1,0
"Dac Tien Nguyen","",1,0,1
"Dac Tien Nguyen",Hard,1,0,1
"Dalibor Svrcina",Hard,6,2,4
"Damir Dzumhur",Carpet,4,2,2
"Damir Dzumhur",Clay,70,31,39
"Damir Dzumhur",Grass,18,10,8
"Damir Dzumhur",Hard,186,86,100
"Danai Udomchoke",Hard,6,4,2
"Dane Sweeny",Hard,6,2,4
"Daniel Altmaier",Clay,60,25,35
"Daniel Altmaier",Grass,14,5,9
"Daniel Altmaier",Hard,53,15,38
"Daniel Azar",Clay,1,0,1
"Daniel Brands",Clay,5,0,5
"Daniel Brands",Grass,4,0,4
"Daniel Brands",Hard,36,12,24
"Daniel Cox",Grass,4,0,4
"Daniel Cukierman","",2,1,1
"Daniel Cukierman",Clay,2,1,1
"Daniel Cukierman",Hard,7,3,4
"Daniel Dutra Da Silva",Clay,1,0,1
"Daniel Elahi Galan",Clay,61,26,35
"Daniel Elahi Galan",Grass,11,6,5
"Daniel Elahi Galan",Hard,54,21,33
"Daniel Evans",Clay,57,19,38
"Daniel Evans",Grass,37,15,22
"Daniel Evans",Hard,227,117,110
"Daniel Garza",Hard,3,2,1
"Daniel Gimeno Traver",Clay,77,37,40
"Daniel Gimeno Traver",Grass,9,0,9
"Daniel Gimeno Traver",Hard,27,6,21
"Daniel Glancy",Hard,8,0,8
"Daniel Kosakowski",Hard,2,0,2
"Daniel Masur",Clay,4,1,3
"Daniel Masur",Grass,1,0,1
"Daniel Masur",Hard,1,0,1
"Daniel Michalski",Hard,4,1,3
"Daniel Munoz de la Nava",Clay,12,2,10
"Daniel Munoz de la Nava",Hard,6,1,5
"Daniel Rincon",Clay,3,0,3
"Daniel Smethurst",Grass,2,0,2
"Daniel Vallejo","",2,2,0
"Daniel Vallejo",Clay,2,1,1
"Daniel Windahl",Hard,2,0,2
"Daniels Tens",Hard,4,0,4
"Daniil Glinka",Hard,2,1,1
"Daniil Medvedev",Clay,70,39,31
"Daniil Medvedev",Grass,68,46,22
"Daniil Medvedev",Hard,399,296,103
"Daniil Ostapenkov",Clay,2,1,1
"Daniil Ostapenkov",Hard,1,0,1
"Danilo Petrovic",Clay,4,2,2
"Danilo Petrovic",Hard,1,0,1
"Danylo Kalenichenko",Hard,1,0,1
"Darian King","",2,2,0
"Darian King",Clay,5,3,2
"Darian King",Hard,45,31,14
"Darko Bojanovic",Hard,1,0,1
"Darwin Blanch",Clay,1,0,1
"Darwin Blanch",Hard,1,0,1
"David Agung Susanto",Clay,2,1,1
"David Agung Susanto",Grass,2,0,2
"David Agung Susanto",Hard,15,3,12
"David Ferrer",Clay,147,102,45
"David Ferrer",Grass,18,7,11
"David Ferrer",Hard,210,134,76
"David Goffin",Clay,150,91,59
"David Goffin",Grass,50,29,21
"David Goffin",Hard,374,224,150
"David Guez",Hard,6,0,6
"David Jorda Sanchis",Clay,2,1,1
"David Souto",Clay,5,0,5
"David Souto",Hard,3,2,1
"David Szintai",Hard,1,0,1
"David Vega Hernandez",Clay,1,0,1
"Davis Rolis",Hard,2,0,2
"Dawood Sayed Hashim",Clay,1,0,1
"Delmas Ntcha",Hard,1,0,1
"Demetris Azoides",Hard,1,1,0
"Denis Istomin",Clay,80,39,41
"Denis Istomin",Grass,46,25,21
"Denis Istomin",Hard,153,60,93
"Denis Kudla",Clay,24,6,18
"Denis Kudla",Grass,44,21,23
"Denis Kudla",Hard,114,38,76
"Denis Shapovalov",Clay,69,36,33
"Denis Shapovalov",Grass,41,20,21
"Denis Shapovalov",Hard,271,153,118
"Denis Yevseyev",Clay,2,1,1
"Denis Yevseyev",Hard,2,0,2
"Dennis Novak",Clay,22,8,14
"Dennis Novak",Grass,8,3,5
"Dennis Novak",Hard,49,15,34
"Dennis Novikov",Grass,8,3,5
"Dennis Novikov",Hard,6,1,5
"Devin Badenhorst","",1,0,1
"Di Wu",Clay,6,2,4
"Di Wu",Hard,31,14,17
"Diego Duran","",1,0,1
"Diego Duran",Clay,1,0,1
"Diego Duran",Hard,1,1,0
"Diego Fernandez Flores",Clay,1,1,0
"Diego Galeano",Clay,2,0,2
"Diego Schwartzman",Clay,215,121,94
"Diego Schwartzman",Grass,26,10,16
"Diego Schwartzman",Hard,235,120,115
"Digvijaypratap Singh",Hard,1,1,0
"Dimitar Kutrovsky",Clay,6,5,1
"Dimitar Kutrovsky",Hard,4,2,2
"Dimitar Kuzmanov",Clay,8,4,4
"Dimitar Kuzmanov",Hard,27,12,15
"Dimitri Badra",Hard,1,0,1
"Dineshkanthan Thangarajah",Clay,1,0,1
"Dineshkanthan Thangarajah",Hard,4,0,4
"Dinko Halachev",Clay,2,0,2
"Dino Prizmic",Clay,5,2,3
"Dino Prizmic",Hard,6,1,5
"Dmitrii Baskov",Hard,1,0,1
"Dmitry Popko",Clay,5,2,3
"Dmitry Popko",Hard,7,2,5
"Dmitry Tursunov",Clay,29,12,17
"Dmitry Tursunov",Grass,12,4,8
"Dmitry Tursunov",Hard,41,14,27
"Dominic Stricker",Clay,10,4,6
"Dominic Stricker",Grass,8,4,4
"Dominic Stricker",Hard,31,16,15
"Dominic Thiem",Clay,256,175,81
"Dominic Thiem",Grass,35,15,20
"Dominic Thiem",Hard,308,175,133
"Dominik Koepfer",Clay,41,19,22
"Dominik Koepfer",Grass,15,5,10
"Dominik Koepfer",Hard,77,36,41
"Donald Young",Clay,28,10,18
"Donald Young",Grass,28,12,16
"Donald Young",Hard,173,82,91
"Dragos Dima",Hard,2,2,0
"Dragos Nicolae Madaras",Clay,1,0,1
"Dragos Nicolae Madaras",Hard,3,0,3
"Duck Hee Lee",Hard,3,1,2
"Dudi Sela",Clay,24,4,20
"Dudi Sela",Grass,34,17,17
"Dudi Sela",Hard,113,53,60
"Duilio Beretta",Clay,4,2,2
"Duilio Beretta",Hard,4,2,2
"Duilio Vallebuona",Clay,1,0,1
"Duje Ajdukovic",Clay,11,4,7
"Duje Ajdukovic",Hard,5,2,3
"Dusan Lajovic",Clay,234,122,112
"Dusan Lajovic",Grass,28,7,21
"Dusan Lajovic",Hard,217,86,131
"Dustin Brown",Clay,53,22,31
"Dustin Brown",Grass,30,15,15
"Dustin Brown",Hard,64,24,40
"Dzmitry Zhyrmont",Clay,5,0,5
"Dzmitry Zhyrmont",Hard,10,5,5
"Edan Leshem","",1,0,1
"Edan Leshem",Clay,3,2,1
"Edan Leshem",Hard,11,3,8
"Edas Butvilas","",1,1,0
"Edas Butvilas",Clay,1,0,1
"Edas Butvilas",Grass,1,0,1
"Edas Butvilas",Hard,2,0,2
"Edgars Manusis",Hard,1,0,1
"Edouard Roger-Vasselin",Clay,21,4,17
"Edouard Roger-Vasselin",Grass,20,12,8
"Edouard Roger-Vasselin",Hard,80,34,46
"Edris Fetisleam",Hard,1,1,0
"Eduardo Nava",Clay,1,0,1
"Eduardo Nava",Hard,1,0,1
"Eduardo Struvay",Clay,1,0,1
"Eduardo Struvay",Hard,2,0,2
"Eero Vasa",Carpet,1,0,1
"Eero Vasa",Hard,6,1,5
"Egor Gerasimov",Clay,19,8,11
"Egor Gerasimov",Grass,4,2,2
"Egor Gerasimov",Hard,98,53,45
"Egor Matvievici",Hard,1,0,1
"Elbert Sie",Hard,2,0,2
"Elias Ymer",Clay,51,16,35
"Elias Ymer",Grass,3,0,3
"Elias Ymer",Hard,68,27,41
"Eliot Spizzirri",Grass,3,1,2
"Eliot Spizzirri",Hard,1,0,1
"Elliot Benchetrit",Clay,8,1,7
"Elliot Benchetrit",Hard,3,1,2
"Elmer Moller",Clay,1,1,0
"Elmer Moller",Hard,5,3,2
"Emil Reinberg",Hard,1,0,1
"Emil Ruusuvuori",Carpet,1,0,1
"Emil Ruusuvuori",Clay,40,15,25
"Emil Ruusuvuori",Grass,23,11,12
"Emil Ruusuvuori",Hard,150,85,65
"Emilio Gomez",Clay,21,12,9
"Emilio Gomez",Hard,30,11,19
"Emilio Nava",Clay,1,0,1
"Emilio Nava",Grass,1,0,1
"Emilio Nava",Hard,16,3,13
"Enrique Lopez Perez",Clay,1,0,1
"Enzo Couacaud",Clay,4,1,3
"Enzo Couacaud",Grass,2,0,2
"Enzo Couacaud",Hard,5,1,4
"Ergi Kirkin","",1,1,0
"Ergi Kirkin",Grass,1,0,1
"Ergi Kirkin",Hard,2,1,1
"Eric Jr. Olivarez",Clay,1,0,1
"Eric Quigley",Hard,1,0,1
"Erik Arutiunian",Clay,1,0,1
"Ernesto Escobedo",Clay,14,4,10
"Ernesto Escobedo",Grass,6,2,4
"Ernesto Escobedo",Hard,43,15,28
"Ernests Gulbis","",1,1,0
"Ernests Gulbis",Clay,81,47,34
"Ernests Gulbis",Grass,21,8,13
"Ernests Gulbis",Hard,139,70,69
"Ethan Quinn",Grass,4,2,2
"Ethan Quinn",Hard,4,0,4
"Evan Furness",Hard,1,0,1
"Evan King",Hard,4,1,3
"Evgenii Tiurnev",Hard,2,0,2
"Evgeny Donskoy",Clay,21,5,16
"Evgeny Donskoy",Grass,14,2,12
"Evgeny Donskoy",Hard,106,38,68
"Evgeny Karlovskiy",Hard,1,0,1
"Fabian Marozsan",Clay,19,9,10
"Fabian Marozsan",Grass,6,1,5
"Fabian Marozsan",Hard,47,24,23
"Fabiano De Paula",Clay,2,0,2
"Fabio Fognini",Clay,275,166,109
"Fabio Fognini",Grass,30,18,12
"Fabio Fognini",Hard,270,135,135
"Fabrice Martin",Grass,1,0,1
"Fabrice Martin",Hard,1,0,1
"Facundo Arguello",Clay,15,1,14
"Facundo Arguello",Grass,2,0,2
"Facundo Arguello",Hard,2,0,2
"Facundo Bagnis",Clay,96,38,58
"Facundo Bagnis",Grass,5,0,5
"Facundo Bagnis",Hard,30,7,23
"Facundo Diaz Acosta",Clay,29,16,13
"Facundo Diaz Acosta",Grass,1,0,1
"Facundo Diaz Acosta",Hard,11,2,9
"Facundo Mena",Hard,1,0,1
"Fajing Sun",Clay,1,0,1
"Fajing Sun",Hard,1,0,1
"Faris Zakaryia",Clay,1,0,1
"Farrukh Dustov",Clay,5,1,4
"Farrukh Dustov",Grass,6,0,6
"Farrukh Dustov",Hard,6,2,4
"Federico Agustin Gomez",Clay,1,0,1
"Federico Agustin Gomez",Hard,2,1,1
"Federico Coria",Clay,92,47,45
"Federico Coria",Grass,4,0,4
"Federico Coria",Hard,31,6,25
"Federico Delbonis",Clay,245,136,109
"Federico Delbonis",Grass,13,0,13
"Federico Delbonis",Hard,111,28,83
"Federico Gaio",Clay,10,3,7
"Federico Gaio",Hard,8,0,8
"Federico Zeballos",Clay,9,1,8
"Federico Zeballos",Hard,6,2,4
"Feliciano Lopez",Clay,106,50,56
"Feliciano Lopez",Grass,83,55,28
"Feliciano Lopez",Hard,245,121,124
"Felipe Meligeni Alves",Clay,7,2,5
"Felipe Meligeni Alves",Grass,1,0,1
"Felipe Meligeni Alves",Hard,8,3,5
"Felix Auger Aliassime",Clay,90,50,40
"Felix Auger Aliassime",Grass,36,23,13
"Felix Auger Aliassime",Hard,238,143,95
"Fernando Verdasco",Clay,157,87,70
"Fernando Verdasco",Grass,40,17,23
"Fernando Verdasco",Hard,212,102,110
"Filip Cristian Jianu","",2,2,0
"Filip Cristian Jianu",Hard,2,1,1
"Filip Horansky",Clay,7,1,6
"Filip Horansky",Grass,1,0,1
"Filip Horansky",Hard,3,1,2
"Filip Krajinovic",Clay,70,34,36
"Filip Krajinovic",Grass,11,5,6
"Filip Krajinovic",Hard,174,89,85
"Filip Misolic",Clay,14,8,6
"Filip Misolic",Hard,4,1,3
"Filip Peliwo",Clay,6,2,4
"Filip Peliwo",Hard,3,0,3
"Filippo Baldi",Clay,3,0,3
"Filippo Volandri",Clay,26,2,24
"Filippo Volandri",Grass,2,0,2
"Filippo Volandri",Hard,8,0,8
"Finn Reynolds",Grass,1,0,1
"Finn Tearney",Hard,5,1,4
"Fitriadi M Rifqi","",2,1,1
"Fitriadi M Rifqi",Hard,4,2,2
"Flavio Cobolli",Clay,28,14,14
"Flavio Cobolli",Grass,7,3,4
"Flavio Cobolli",Hard,44,24,20
"Florent Serra",Hard,2,0,2
"Florian Mayer",Clay,33,10,23
"Florian Mayer",Grass,25,14,11
"Florian Mayer",Hard,52,19,33
"Florin Mergea",Hard,1,0,1
"Frances Tiafoe",Clay,73,34,39
"Frances Tiafoe",Grass,41,23,18
"Frances Tiafoe",Hard,287,152,135
"Francesco Maestrelli",Hard,1,0,1
"Francesco Passaro",Clay,11,4,7
"Francesco Passaro",Hard,7,2,5
"Francis Casey Alcantara",Clay,3,2,1
"Francisco Cabral",Clay,1,0,1
"Francisco Cerundolo",Clay,100,59,41
"Francisco Cerundolo",Grass,15,7,8
"Francisco Cerundolo",Hard,75,35,40
"Francisco Comesana",Clay,4,0,4
"Francisco Comesana",Grass,3,2,1
"Francisco Comesana",Hard,4,2,2
"Francisco Llanes",Clay,2,1,1
"Francisco Yim Kim",Hard,1,0,1
"Franco Agamenone",Clay,5,3,2
"Franco Roncadelli",Clay,5,3,2
"Franco Roncadelli",Hard,2,0,2
"Frank Dancevic",Clay,4,0,4
"Frank Dancevic",Grass,11,6,5
"Frank Dancevic",Hard,24,6,18
"Franko Skugor",Clay,7,1,6
"Franko Skugor",Grass,3,0,3
"Franko Skugor",Hard,11,4,7
"Franz Luna Lavidalie",Hard,2,0,2
"Fred Simonsson",Clay,1,0,1
"Freddy Murray",Clay,1,1,0
"Frederico Ferreira Silva",Clay,7,3,4
"Frederico Ferreira Silva",Hard,8,3,5
"Frederik Nielsen",Carpet,9,6,3
"Frederik Nielsen",Clay,2,2,0
"Frederik Nielsen",Hard,18,12,6
"Fritz Wolmarans",Hard,3,2,1
"Gabi Adrian Boitan",Clay,1,0,1
"Gabi Adrian Boitan",Hard,2,1,1
"Gabor Borsos",Clay,2,0,2
"Gabor Borsos",Hard,3,1,2
"Gabriel Diallo",Clay,1,0,1
"Gabriel Diallo",Grass,2,0,2
"Gabriel Diallo",Hard,23,11,12
"Gabriel Donev",Hard,1,0,1
"Gabriel Flores Ruiz",Hard,1,0,1
"Gael Monfils",Clay,114,65,49
"Gael Monfils",Grass,48,27,21
"Gael Monfils",Hard,351,234,117
"Gastao Elias",Clay,50,24,26
"Gastao Elias",Grass,2,0,2
"Gastao Elias",Hard,28,4,24
"Genaro Alberto Olivieri",Clay,3,2,1
"Geoffrey Blancaneaux",Clay,1,0,1
"Geoffrey Blancaneaux",Hard,5,0,5
"George Loffhagen",Grass,2,0,2
"George Tsivadze",Carpet,3,1,2
"George Tsivadze",Clay,2,0,2
"George Tsivadze",Hard,2,0,2
"Gerald Melzer",Clay,38,16,22
"Gerald Melzer",Hard,17,2,15
"Gerardo Lopez Villasenor",Clay,5,2,3
"Gerardo Lopez Villasenor",Hard,8,3,5
"Germain Gigounon",Clay,1,0,1
"Gian Marco Moroni",Clay,3,1,2
"Gian Marco Moroni",Hard,1,0,1
"Gianluca Mager",Clay,31,14,17
"Gianluca Mager",Grass,2,1,1
"Gianluca Mager",Hard,26,9,17
"Gianluigi Quinzi",Clay,2,1,1
"Gianluigi Quinzi",Hard,3,0,3
"Gianni Mina",Clay,4,1,3
"Gijs Brouwer",Clay,9,5,4
"Gijs Brouwer",Grass,8,3,5
"Gijs Brouwer",Hard,10,5,5
"Giles Hussey",Grass,2,1,1
"Gilles Arnaud Bailly",Hard,2,0,2
"Gilles Kremer",Clay,1,0,1
"Gilles Kremer",Hard,1,0,1
"Gilles Muller",Clay,26,13,13
"Gilles Muller",Grass,51,34,17
"Gilles Muller",Hard,141,74,67
"Gilles Simon",Clay,116,55,61
"Gilles Simon",Grass,58,32,26
"Gilles Simon",Hard,271,144,127
"Gillian Osmont",Hard,1,0,1
"Giorgi Javakhishvili",Carpet,1,0,1
"Giovani Samaha",Clay,1,0,1
"Giovanni Lapentti",Clay,4,1,3
"Giovanni Mpetshi Perricard",Clay,7,5,2
"Giovanni Mpetshi Perricard",Grass,8,4,4
"Giovanni Mpetshi Perricard",Hard,19,10,9
"Giulio Zeppieri",Clay,15,5,10
"Giulio Zeppieri",Hard,5,1,4
"Gleb Sakharov",Clay,2,1,1
"Gleb Sakharov",Hard,2,0,2
"Go Soeda",Clay,3,1,2
"Go Soeda",Grass,2,0,2
"Go Soeda",Hard,39,13,26
"Gonzalo Bueno","",1,1,0
"Gonzalo Bueno",Clay,1,0,1
"Gonzalo Bueno",Hard,1,0,1
"Gonzalo Escobar",Clay,8,2,6
"Gonzalo Escobar",Hard,2,2,0
"Gonzalo Lama",Clay,13,8,5
"Gonzalo Lama",Hard,6,2,4
"Gonzalo Villanueva",Hard,1,0,1
"Grega Zemlja",Clay,4,1,3
"Grega Zemlja",Hard,6,2,4
"Gregoire Barrere",Clay,28,10,18
"Gregoire Barrere",Grass,13,6,7
"Gregoire Barrere",Hard,60,22,38
"Gregoire Burquier",Hard,2,0,2
"Grigor Dimitrov",Clay,149,93,56
"Grigor Dimitrov",Grass,64,43,21
"Grigor Dimitrov",Hard,450,293,157
"Guido Andreozzi",Clay,22,6,16
"Guido Andreozzi",Grass,4,1,3
"Guido Andreozzi",Hard,13,5,8
"Guido Pella",Clay,126,65,61
"Guido Pella",Grass,25,11,14
"Guido Pella",Hard,116,49,67
"Guilherme Clezar",Clay,13,1,12
"Guilherme Clezar",Hard,3,0,3
"Guillermo Garcia Lopez",Clay,125,67,58
"Guillermo Garcia Lopez",Grass,19,6,13
"Guillermo Garcia Lopez",Hard,143,58,85
"Gunawan Trismuwantara",Grass,2,0,2
"Gunawan Trismuwantara",Hard,2,1,1
"Gustavo Heide","",1,1,0
"Gustavo Heide",Clay,6,2,4
"Gustavo Heide",Hard,1,0,1
"Gustavo Ramirez",Clay,2,0,2
"Hady Habib","",1,0,1
"Hady Habib",Clay,9,3,6
"Hady Habib",Hard,6,6,0
"Hamad Medjedovic",Clay,18,7,11
"Hamad Medjedovic",Grass,3,1,2
"Hamad Medjedovic",Hard,18,13,5
"Hamid Reza Nadaf",Clay,1,0,1
"Hamid Reza Nadaf",Hard,1,1,0
"Hamza Karmoussi",Hard,1,0,1
"Hans Hach Verdugo",Hard,2,1,1
"Hans Podlipnik Castillo",Clay,3,3,0
"Hao Sheng Koay",Hard,1,0,1
"Harold Mayot",Clay,5,1,4
"Harold Mayot",Grass,3,1,2
"Harold Mayot",Hard,12,5,7
"Harri Heliovaara",Carpet,3,1,2
"Harri Heliovaara",Clay,3,1,2
"Harri Heliovaara",Hard,7,4,3
"Harry Bourchier",Hard,2,1,1
"Harshana Godamanna",Clay,3,2,1
"Harshana Godamanna",Hard,10,7,3
"Hasan Ibrahim",Clay,1,0,1
"Haydn Lewis",Clay,2,0,2
"Haydn Lewis",Hard,14,3,11
"Hazem Naw",Hard,2,1,1
"Hei Yin Andrew Li",Hard,1,0,1
"Henri Laaksonen",Clay,50,20,30
"Henri Laaksonen",Grass,2,0,2
"Henri Laaksonen",Hard,66,26,40
"Henri Squire",Clay,2,1,1
"Henri Squire",Grass,3,0,3
"Henri Squire",Hard,1,0,1
"Henrik Sillanpaa",Clay,2,0,2
"Henrique Rocha",Clay,4,1,3
"Henrique Rocha",Hard,2,2,0
"Henry Searle",Grass,2,0,2
"Herkko Pollanen",Hard,2,0,2
"Hernan Casanova",Clay,1,0,1
"Hernando Jose Escurra Isnardi","",1,0,1
"Hernando Jose Escurra Isnardi",Clay,1,1,0
"Hernando Jose Escurra Isnardi",Hard,1,0,1
"Heve Kelley",Hard,1,0,1
"Hicham Khaddari",Clay,8,2,6
"Hiroki Moriya",Grass,1,0,1
"Hiroki Moriya",Hard,11,2,9
"Holger Rune",Clay,75,47,28
"Holger Rune",Grass,17,10,7
"Holger Rune",Hard,136,86,50
"Hong Chung",Grass,1,0,1
"Hong Kit Jack Wong",Hard,8,4,4
"Horacio Zeballos",Clay,71,33,38
"Horacio Zeballos",Grass,8,1,7
"Horacio Zeballos",Hard,46,20,26
"Hsien Yin Peng",Hard,3,0,3
"Hubert Hurkacz",Clay,66,37,29
"Hubert Hurkacz",Grass,39,25,14
"Hubert Hurkacz",Hard,245,149,96
"Hugo Dellien",Clay,79,33,46
"Hugo Dellien",Grass,3,0,3
"Hugo Dellien",Hard,16,4,12
"Hugo Gaston",Clay,40,20,20
"Hugo Gaston",Grass,6,3,3
"Hugo Gaston",Hard,50,17,33
"Hugo Grenier",Clay,8,2,6
"Hugo Grenier",Grass,2,1,1
"Hugo Grenier",Hard,14,4,10
"Hugo Nys",Clay,1,1,0
"Hugo Nys",Hard,1,0,1
"Hyeon Chung",Clay,31,17,14
"Hyeon Chung",Grass,3,1,2
"Hyeon Chung",Hard,121,68,53
"Ibrahim Abou Chahine",Hard,2,0,2
"Ignaci Roca",Hard,4,0,4
"Ignacio Buse",Clay,1,1,0
"Ignacio Buse",Hard,3,1,2
"Ignacio Carou",Clay,4,0,4
"Ignacio Garcia",Hard,5,1,4
"Igor Sijsling",Clay,36,9,27
"Igor Sijsling",Grass,10,1,9
"Igor Sijsling",Hard,54,17,37
"Ilija Bozoljac",Hard,2,0,2
"Iliyan Radulov",Clay,1,1,0
"Illia Biloborodko",Clay,1,0,1
"Illia Biloborodko",Hard,1,0,1
"Illya Marchenko",Clay,9,2,7
"Illya Marchenko",Grass,12,2,10
"Illya Marchenko",Hard,72,32,40
"Ilya Ivashka",Clay,39,16,23
"Ilya Ivashka",Grass,23,12,11
"Ilya Ivashka",Hard,116,60,56
"Ilya Snitari",Clay,2,0,2
"Inigo Cervantes Huegun",Clay,34,13,21
"Inigo Cervantes Huegun",Grass,2,0,2
"Inigo Cervantes Huegun",Hard,12,4,8
"Ioannis Xilas",Hard,2,1,1
"Irakli Metreveli",Carpet,1,0,1
"Isaac Becroft",Hard,1,0,1
"Isak Arvidsson",Clay,1,0,1
"Isak Arvidsson",Hard,4,1,3
"Ismael Changawa Ruwa Mzai",Hard,1,0,1
"Ivan Dodig",Clay,36,17,19
"Ivan Dodig",Grass,4,1,3
"Ivan Dodig",Hard,83,30,53
"Ivan Endara",Clay,5,2,3
"Ivan Endara",Hard,1,0,1
"Ivan Gakhov",Clay,4,1,3
"Ivo Karlovic",Clay,61,28,33
"Ivo Karlovic",Grass,62,37,25
"Ivo Karlovic",Hard,223,117,106
"J J Wolf",Clay,16,7,9
"J J Wolf",Grass,6,3,3
"J J Wolf",Hard,76,35,41
"Jabor Al Mutawa",Hard,2,0,2
"Jack Cheng",Hard,1,0,1
"Jack Draper",Clay,20,9,11
"Jack Draper",Grass,22,15,7
"Jack Draper",Hard,88,55,33
"Jack Loutit",Hard,1,1,0
"Jack Mingjie Lin",Hard,1,0,1
"Jack Sock",Clay,63,36,27
"Jack Sock",Grass,33,19,14
"Jack Sock",Hard,248,138,110
"Jacob Bicknell","",1,0,1
"Jacob Fearnley",Grass,3,1,2
"Jacob Fearnley",Hard,2,1,1
"Jacob Rasolondrazana",Clay,1,0,1
"Jacob Rasolondrazana",Hard,1,0,1
"Jacopo Berrettini",Hard,2,1,1
"Jad Ballout",Clay,1,0,1
"Jad Ballout",Hard,1,0,1
"Jaime Faria",Clay,2,0,2
"Jaime Faria",Hard,2,0,2
"Jakub Mensik",Clay,10,6,4
"Jakub Mensik",Grass,6,2,4
"Jakub Mensik",Hard,33,20,13
"James Duckworth",Clay,14,4,10
"James Duckworth",Grass,31,12,19
"James Duckworth",Hard,121,45,76
"James Mccabe",Grass,1,0,1
"James Mccabe",Hard,3,0,3
"James Mcgee",Hard,10,4,6
"James Ward",Clay,11,2,9
"James Ward",Grass,23,4,19
"James Ward",Hard,27,8,19
"Jan Choinski",Clay,3,1,2
"Jan Choinski",Grass,6,1,5
"Jan Choinski",Hard,1,0,1
"Jan Hajek",Hard,6,0,6
"Jan Hernych",Grass,8,4,4
"Jan Hernych",Hard,1,0,1
"Jan Lennard Struff",Clay,156,82,74
"Jan Lennard Struff",Grass,57,25,32
"Jan Lennard Struff",Hard,273,128,145
"Jan Mertl",Clay,2,1,1
"Jan Mertl",Hard,1,1,0
"Jan Satral",Clay,1,0,1
"Jan Satral",Hard,4,1,3
"Jan Zielinski",Hard,1,0,1
"Janez Semrajc",Hard,2,0,2
"Janis Podzus",Clay,1,0,1
"Janis Podzus",Hard,8,0,8
"Janko Tipsarevic",Clay,24,9,15
"Janko Tipsarevic",Grass,13,4,9
"Janko Tipsarevic",Hard,27,10,17
"Jannik Sinner",Clay,78,54,24
"Jannik Sinner",Grass,30,21,9
"Jannik Sinner",Hard,245,193,52
"Jared Donaldson",Clay,15,4,11
"Jared Donaldson",Grass,14,6,8
"Jared Donaldson",Hard,86,38,48
"Jarkko Nieminen",Carpet,2,2,0
"Jarkko Nieminen",Clay,37,15,22
"Jarkko Nieminen",Grass,18,9,9
"Jarkko Nieminen",Hard,82,41,41
"Jason Jung",Clay,1,0,1
"Jason Jung",Grass,9,4,5
"Jason Jung",Hard,25,7,18
"Jason Kubler",Clay,16,8,8
"Jason Kubler",Grass,13,7,6
"Jason Kubler",Hard,34,14,20
"Jaume Munar",Clay,136,66,70
"Jaume Munar",Grass,14,3,11
"Jaume Munar",Hard,74,21,53
"Javier Barranco Cosano",Clay,1,0,1
"Jay Clarke",Grass,12,2,10
"Jay Clarke",Hard,1,0,1
"Jc Aragone",Grass,2,0,2
"Jc Aragone",Hard,2,0,2
"Jean Andersen",Hard,2,0,2
"Jean Jacques Rakotohasy",Clay,1,1,0
"Jean Jacques Rakotohasy",Hard,1,1,0
"Jeevan Nedunchezhiyan",Hard,2,0,2
"Jenson Brooksby",Clay,7,2,5
"Jenson Brooksby",Grass,12,7,5
"Jenson Brooksby",Hard,60,37,23
"Jeremy Chardy",Clay,120,58,62
"Jeremy Chardy",Grass,47,23,24
"Jeremy Chardy",Hard,237,123,114
"Jerome Kym",Hard,3,2,1
"Jerzy Janowicz",Clay,30,9,21
"Jerzy Janowicz",Grass,20,11,9
"Jerzy Janowicz",Hard,114,59,55
"Jeson Patrombon",Clay,7,3,4
"Jeson Patrombon",Hard,4,0,4
"Jesper De Jong",Clay,4,1,3
"Jesper De Jong",Grass,1,0,1
"Jesper De Jong",Hard,5,1,4
"Jesse Flores",Hard,3,0,3
"Jesse Huta Galung",Clay,1,0,1
"Jesse Huta Galung",Grass,4,2,2
"Jesse Huta Galung",Hard,10,0,10
"Jesus Bandres",Hard,5,0,5
"Ji Sung Nam",Grass,1,1,0
"Ji Sung Nam",Hard,6,1,5
"Jie Cui","",1,0,1
"Jie Cui",Hard,1,0,1
"Jimmy Wang",Grass,8,4,4
"Jimmy Wang",Hard,12,5,7
"Jirat Navasirisomboon",Clay,4,1,3
"Jirat Navasirisomboon",Hard,3,3,0
"Jiri Lehecka",Clay,31,16,15
"Jiri Lehecka",Grass,10,5,5
"Jiri Lehecka",Hard,103,57,46
"Jiri Vesely",Clay,137,66,71
"Jiri Vesely",Grass,44,26,18
"Jiri Vesely",Hard,160,67,93
"Jo-Wilfried Tsonga",Clay,86,51,35
"Jo-Wilfried Tsonga",Grass,35,21,14
"Jo-Wilfried Tsonga",Hard,231,150,81
"Joachim Bjerke",Hard,8,0,8
"Joao Domingues",Clay,12,6,6
"Joao Domingues",Hard,2,1,1
"Joao Fonseca",Clay,11,5,6
"Joao Fonseca",Grass,1,0,1
"Joao Fonseca",Hard,8,7,1
"Joao Menezes",Clay,2,0,2
"Joao Menezes",Hard,1,0,1
"Joao Pedro Sorgi",Hard,3,1,2
"Joao Sousa",Clay,191,85,106
"Joao Sousa",Grass,46,18,28
"Joao Sousa",Hard,255,109,146
"Joao Souza",Clay,34,10,24
"Joao Souza",Grass,1,0,1
"Joao Souza",Hard,5,1,4
"Joaquin  Aguilar Cardozo ",Clay,4,2,2
"Joel Schwaerzler",Clay,1,0,1
"Joel Schwaerzler",Hard,1,0,1
"Johan Nikles",Clay,4,1,3
"Johannes Ingildsen",Grass,1,0,1
"Johannes Ingildsen",Hard,2,1,1
"Johannes Seeman","",1,1,0
"John Bryan Decasa Otico",Clay,2,0,2
"John Bryan Decasa Otico",Hard,2,2,0
"John Isner",Clay,94,55,39
"John Isner",Grass,59,40,19
"John Isner",Hard,380,229,151
"John Millman",Clay,48,19,29
"John Millman",Grass,31,13,18
"John Millman",Hard,182,87,95
"John Morrissey",Hard,4,2,2
"John Patrick Smith",Grass,9,4,5
"John Patrick Smith",Hard,19,1,18
"Johnny Arcilla",Clay,2,0,2
"Jonas Forejtek",Hard,4,3,1
"Jonathan Eysseric",Hard,1,0,1
"Jonathan Mridha",Hard,2,1,1
"Jordan Thompson",Clay,44,14,30
"Jordan Thompson",Grass,60,31,29
"Jordan Thompson",Hard,198,96,102
"Jordi Munoz Abreu",Clay,3,0,3
"Jordi Munoz Abreu",Hard,5,1,4
"Jordi Samper Montana",Clay,2,0,2
"Jorge Aguilar",Clay,2,2,0
"Jorge Aguilar",Hard,2,2,0
"Jorge Brian Panta Herreros",Clay,2,2,0
"Joris De Loore",Clay,1,0,1
"Joris De Loore",Hard,5,1,4
"Jose  Flores",Clay,1,0,1
"Jose Hernandez",Clay,9,1,8
"Jose Hernandez",Hard,8,5,3
"Jose Olivares",Clay,4,0,4
"Jose Olivares",Hard,3,2,1
"Jose Rubin Statham",Grass,2,0,2
"Jose Rubin Statham",Hard,21,4,17
"Jozef Kovalik",Clay,50,19,31
"Jozef Kovalik",Grass,3,0,3
"Jozef Kovalik",Hard,28,9,19
"Juan Alejandro Hernandez Serrano",Hard,3,1,2
"Juan Borba","",1,0,1
"Juan Borba",Clay,9,2,7
"Juan Carlos Fuentes Vasquez",Clay,1,0,1
"Juan Carlos Fuentes Vasquez",Hard,1,1,0
"Juan Carlos Prado Angelo","",2,0,2
"Juan Carlos Prado Angelo",Clay,1,1,0
"Juan Carlos Ramirez",Clay,4,2,2
"Juan Carlos Saez",Clay,3,3,0
"Juan Ignacio Londero",Clay,62,30,32
"Juan Ignacio Londero",Grass,4,1,3
"Juan Ignacio Londero",Hard,19,4,15
"Juan Lugo",Hard,1,0,1
"Juan Manuel Cerundolo",Clay,24,10,14
"Juan Manuel Cerundolo",Grass,1,0,1
"Juan Manuel Cerundolo",Hard,16,7,9
"Juan Martin del Potro",Clay,35,22,13
"Juan Martin del Potro",Grass,17,11,6
"Juan Martin del Potro",Hard,146,109,37
"Juan Monaco",Clay,100,54,46
"Juan Monaco",Grass,5,2,3
"Juan Monaco",Hard,54,26,28
"Juan Pablo Ficovich",Clay,3,1,2
"Juan Pablo Varillas",Clay,62,31,31
"Juan Pablo Varillas",Grass,1,0,1
"Juan Pablo Varillas",Hard,21,5,16
"Juan Sebastian Cabal",Clay,2,2,0
"Juan Sebastian Cabal",Hard,2,0,2
"Juho Paukku",Hard,4,0,4
"Jui Chen Hung",Hard,9,4,5
"Julian Lenz",Clay,1,0,1
"Julian Lenz",Hard,1,0,1
"Julian Reister",Clay,17,1,16
"Julian Reister",Grass,4,2,2
"Julian Reister",Hard,4,0,4
"Julian Saborio",Hard,3,0,3
"Julien Benneteau",Clay,20,5,15
"Julien Benneteau",Grass,23,10,13
"Julien Benneteau",Hard,130,66,64
"Julien Cagnina",Hard,1,0,1
"Julio Cesar Campozano",Clay,4,2,2
"Julius Tverijonas",Clay,2,0,2
"Julius Tverijonas",Hard,1,0,1
"Juncheng Shang",Clay,6,1,5
"Juncheng Shang",Grass,5,3,2
"Juncheng Shang",Hard,51,25,26
"Jurabek Karimov",Clay,2,1,1
"Jurabek Karimov",Hard,1,1,0
"Jurgen Melzer",Clay,43,22,21
"Jurgen Melzer",Grass,14,7,7
"Jurgen Melzer",Hard,48,18,30
"Jurgen Zopp",Clay,15,7,8
"Jurgen Zopp",Grass,2,0,2
"Jurgen Zopp",Hard,10,3,7
"Jurij Rodionov",Clay,20,8,12
"Jurij Rodionov",Grass,8,3,5
"Jurij Rodionov",Hard,16,6,10
"Justin Barki",Hard,2,1,1
"Justin Engel",Hard,2,1,1
"Justin Lunn",Hard,1,0,1
"Kacper Zuk",Clay,1,0,1
"Kacper Zuk",Hard,7,3,4
"Kaichi Uchida",Grass,1,1,0
"Kaichi Uchida",Hard,4,1,3
"Kaipo Marshall","",2,1,1
"Kaipo Marshall",Hard,6,1,5
"Kamil Majchrzak",Clay,16,6,10
"Kamil Majchrzak",Grass,7,2,5
"Kamil Majchrzak",Hard,48,23,25
"Karam Hatamleh","",1,0,1
"Karan Rastogi",Hard,1,1,0
"Karen Khachanov",Clay,118,69,49
"Karen Khachanov",Grass,39,24,15
"Karen Khachanov",Hard,321,183,138
"Karim Alayli",Hard,1,0,1
"Karim Hossam",Hard,4,0,4
"Karim Mohamed Maamoun",Clay,6,1,5
"Karim Mohamed Maamoun",Hard,5,2,3
"Karl Friberg",Hard,2,0,2
"Karlis Ozolins","",2,1,1
"Karlis Ozolins",Hard,3,1,2
"Kasidit Samrej","",2,0,2
"Kasidit Samrej",Hard,5,3,2
"Kei Nishikori",Clay,130,93,37
"Kei Nishikori",Grass,48,32,16
"Kei Nishikori",Hard,334,237,97
"Kenneth Raisma","",1,0,1
"Kenneth Raisma",Hard,1,0,1
"Kenny De Schepper",Clay,31,8,23
"Kenny De Schepper",Grass,13,5,8
"Kenny De Schepper",Hard,39,11,28
"Kento Takeuchi",Hard,2,0,2
"Kevin Anderson",Clay,72,38,34
"Kevin Anderson",Grass,57,40,17
"Kevin Anderson",Hard,298,181,117
"Kevin Cheruiyot",Hard,1,0,1
"Kevin King",Grass,1,0,1
"Kevin King",Hard,6,1,5
"Kevin Krawietz",Grass,2,1,1
"Kevin Krawietz",Hard,1,0,1
"Khumoun Sultanov",Clay,1,0,1
"Khumoun Sultanov",Grass,1,1,0
"Khumoun Sultanov",Hard,5,2,3
"Ki Lung Ng",Hard,3,1,2
"Kimmer Coppejans",Clay,11,3,8
"Kimmer Coppejans",Grass,3,0,3
"Kimmer Coppejans",Hard,8,1,7
"Kiranpal Pannu",Hard,7,1,6
"Kittipong Wachiramanowong",Grass,2,0,2
"Kittipong Wachiramanowong",Hard,4,3,1
"Komlavi Loglo",Hard,2,1,1
"Konstantin Kravchuk",Clay,4,2,2
"Konstantin Kravchuk",Grass,4,1,3
"Konstantin Kravchuk",Hard,19,2,17
"Kris Van Wyk","",2,0,2
"Kris Van Wyk",Hard,2,1,1
"Kristjan Tamm","",2,0,2
"Kristjan Tamm",Clay,2,0,2
"Kristjan Tamm",Hard,3,2,1
"Kuan Yi Lee",Hard,4,2,2
"Kwok Shun Dasson Chan",Hard,1,0,1
"Kyle Edmund",Clay,56,26,30
"Kyle Edmund",Grass,29,11,18
"Kyle Edmund",Hard,163,83,80
"Kyle Johnson",Hard,1,0,1
"Kyrian Jacquet",Hard,1,0,1
"Lamine Ouahab",Clay,19,11,8
"Lamine Ouahab",Hard,3,1,2
"Laslo Djere",Clay,158,92,66
"Laslo Djere",Grass,21,7,14
"Laslo Djere",Hard,113,44,69
"Laurent Lokoli",Clay,3,0,3
"Laurent Lokoli",Grass,1,0,1
"Laurent Lokoli",Hard,6,0,6
"Laurynas Grigelis",Clay,5,3,2
"Laurynas Grigelis",Grass,1,0,1
"Laurynas Grigelis",Hard,23,10,13
"Leandro Riedi",Clay,4,1,3
"Leandro Riedi",Hard,7,2,5
"Learner Tien",Hard,12,6,6
"Leo Borg",Clay,3,1,2
"Leo Borg",Hard,8,1,7
"Leonardo Mayer",Clay,148,81,67
"Leonardo Mayer",Grass,22,13,9
"Leonardo Mayer",Hard,113,51,62
"Li Tu",Grass,4,1,3
"Li Tu",Hard,6,0,6
"Liam Broady",Clay,5,1,4
"Liam Broady",Grass,26,9,17
"Liam Broady",Hard,24,11,13
"Liam Caruana",Hard,4,0,4
"Liam Krall",Hard,1,0,1
"Liang Chi Huang",Clay,1,1,0
"Liang Chi Huang",Hard,2,2,0
"Linh Giang Trinh",Clay,1,0,1
"Linh Giang Trinh",Hard,4,2,2
"Liova Ayite Ajavon",Hard,1,1,0
"Lleyton Cronje",Clay,1,0,1
"Lleyton Hewitt",Clay,13,2,11
"Lleyton Hewitt",Grass,24,17,7
"Lleyton Hewitt",Hard,50,26,24
"Lloyd Harris",Clay,24,6,18
"Lloyd Harris",Grass,18,8,10
"Lloyd Harris",Hard,116,62,54
"Lluis Miralles",Hard,1,0,1
"Lofo Ramiaramanana",Hard,1,1,0
"Lorenzo Giustino",Clay,6,1,5
"Lorenzo Giustino",Hard,2,0,2
"Lorenzo Musetti",Clay,95,59,36
"Lorenzo Musetti",Grass,28,18,10
"Lorenzo Musetti",Hard,122,57,65
"Lorenzo Sonego",Clay,106,53,53
"Lorenzo Sonego",Grass,38,21,17
"Lorenzo Sonego",Hard,154,69,85
"Louis Wessels",Clay,2,1,1
"Louis Wessels",Grass,1,0,1
"Louk Sorensen",Clay,4,2,2
"Luca Nardi",Clay,11,2,9
"Luca Nardi",Grass,4,1,3
"Luca Nardi",Hard,16,4,12
"Luca Preda",Hard,1,0,1
"Luca Van Assche",Clay,21,8,13
"Luca Van Assche",Grass,4,1,3
"Luca Van Assche",Hard,36,13,23
"Luca Vanni",Clay,12,4,8
"Luca Vanni",Grass,1,0,1
"Luca Vanni",Hard,10,1,9
"Lucas Andriamasilalao",Hard,1,0,1
"Lucas Catarina",Clay,5,1,4
"Lucas Catarina",Hard,4,1,3
"Lucas Gomez",Clay,6,2,4
"Lucas Gomez",Hard,10,1,9
"Lucas Miedler",Clay,1,0,1
"Lucas Miedler",Hard,3,1,2
"Lucas Pouille",Clay,79,38,41
"Lucas Pouille",Grass,35,20,15
"Lucas Pouille",Hard,164,87,77
"Luciano Darderi",Clay,34,22,12
"Luciano Darderi",Grass,5,2,3
"Luciano Darderi",Hard,15,2,13
"Luciano Ramazzini",Hard,5,0,5
"Lucky Candra Kurniawan",Hard,1,0,1
"Luis Carlos Alvarez Valdes",Clay,1,1,0
"Luis David Martinez",Clay,1,0,1
"Luis David Martinez",Hard,9,6,3
"Luis Diego Chavez Villalpando",Clay,1,1,0
"Luis Patino",Clay,3,0,3
"Luis Patino",Hard,7,3,4
"Luka Mikrut",Clay,1,0,1
"Lukas Hellum Lilleengen",Hard,2,1,1
"Lukas Klein",Clay,9,4,5
"Lukas Klein",Grass,3,1,2
"Lukas Klein",Hard,18,6,12
"Lukas Lacko",Clay,5,1,4
"Lukas Lacko",Grass,33,14,19
"Lukas Lacko",Hard,102,40,62
"Lukas Mugevicius",Clay,1,1,0
"Lukas Mugevicius",Hard,8,3,5
"Lukas Neumayer",Clay,5,3,2
"Lukas Pokorny",Clay,1,1,0
"Lukas Rosol",Clay,89,49,40
"Lukas Rosol",Grass,15,4,11
"Lukas Rosol",Hard,126,52,74
"Lukasz Kubot",Clay,12,4,8
"Lukasz Kubot",Grass,8,4,4
"Lukasz Kubot",Hard,18,3,15
"Luke Saville",Grass,10,4,6
"Luke Saville",Hard,3,0,3
"M Abid Ali Khan Akbar",Clay,1,0,1
"M Abid Ali Khan Akbar",Grass,1,1,0
"M Abid Ali Khan Akbar",Hard,2,1,1
"Mackenzie Mcdonald",Clay,29,8,21
"Mackenzie Mcdonald",Grass,33,17,16
"Mackenzie Mcdonald",Hard,167,80,87
"Mahammad Abid","",1,0,1
"Mahammad Abid",Clay,1,0,1
"Mahammad Abid",Hard,5,0,5
"Maks Kasnikowski",Hard,4,2,2
"Malek Jaziri",Carpet,2,1,1
"Malek Jaziri",Clay,47,20,27
"Malek Jaziri",Grass,24,7,17
"Malek Jaziri",Hard,156,65,91
"Manas Dhamne",Hard,1,0,1
"Mantas Bugailiskis",Hard,2,2,0
"Manuel Castellanos",Clay,1,0,1
"Manuel Guinard",Clay,5,2,3
"Manuel Guinard",Hard,5,2,3
"Manuel Sanchez",Clay,4,2,2
"Manuel Sanchez",Hard,4,3,1
"Marat Deviatiarov",Hard,1,1,0
"Marc Andrea Huesler",Clay,26,8,18
"Marc Andrea Huesler",Grass,8,2,6
"Marc Andrea Huesler",Hard,49,22,27
"Marc Gicquel",Hard,6,4,2
"Marc Lopez",Clay,2,0,2
"Marc Lopez",Hard,1,1,0
"Marc Polmans",Clay,5,2,3
"Marc Polmans",Grass,3,1,2
"Marc Polmans",Hard,15,3,12
"Marcel Granollers",Clay,98,41,57
"Marcel Granollers",Grass,24,12,12
"Marcel Granollers",Hard,104,38,66
"Marcelo Arevalo","",2,2,0
"Marcelo Arevalo",Clay,6,4,2
"Marcelo Arevalo",Hard,28,23,5
"Marcelo Demoliner",Hard,3,1,2
"Marco Cecchinato",Clay,143,66,77
"Marco Cecchinato",Grass,11,2,9
"Marco Cecchinato",Hard,55,12,43
"Marco Chiudinelli",Clay,4,0,4
"Marco Chiudinelli",Grass,6,3,3
"Marco Chiudinelli",Hard,17,3,14
"Marco Trungelliti",Clay,26,13,13
"Marco Trungelliti",Grass,1,0,1
"Marco Trungelliti",Hard,10,2,8
"Marcos Baghdatis",Clay,20,5,15
"Marcos Baghdatis",Grass,42,23,19
"Marcos Baghdatis",Hard,138,72,66
"Marcos Giron",Clay,41,16,25
"Marcos Giron",Grass,31,16,15
"Marcos Giron",Hard,153,72,81
"Marcos Lee Chan Baratau",Hard,1,0,1
"Marcus Daniell",Hard,1,0,1
"Marcus Willis",Grass,2,1,1
"Mardy Fish",Hard,6,2,4
"Mariano Navone",Clay,26,15,11
"Mariano Navone",Grass,3,0,3
"Mariano Navone",Hard,13,3,10
"Marin Cilic",Clay,133,83,50
"Marin Cilic",Grass,73,54,19
"Marin Cilic",Hard,401,256,145
"Marin Draganja",Hard,1,0,1
"Marinko Matosevic",Clay,25,8,17
"Marinko Matosevic",Grass,14,8,6
"Marinko Matosevic",Hard,68,31,37
"Mario Vilella Martinez",Clay,5,2,3
"Mario Vilella Martinez",Hard,5,2,3
"Marius Copil",Clay,35,10,25
"Marius Copil",Grass,14,5,9
"Marius Copil",Hard,97,47,50
"Mark Chigaazira",Hard,1,0,1
"Mark Lajal",Clay,2,0,2
"Mark Lajal",Grass,1,0,1
"Mark Lajal",Hard,4,2,2
"Marko Tepavac",Hard,1,0,1
"Marko Topo",Clay,5,0,5
"Markos Kalovelonis",Carpet,2,2,0
"Markos Kalovelonis",Clay,2,0,2
"Markus Eriksson",Clay,4,1,3
"Markus Eriksson",Hard,3,2,1
"Marsel Ilhan",Clay,19,4,15
"Marsel Ilhan",Grass,9,2,7
"Marsel Ilhan",Hard,24,12,12
"Martin Alund",Clay,6,2,4
"Martin Antonio Vergara Del Puerto",Clay,3,1,2
"Martin Cuevas",Clay,10,3,7
"Martin Cuevas",Hard,7,2,5
"Martin Damm",Hard,3,2,1
"Martin Fischer",Clay,1,0,1
"Martin Fischer",Hard,4,4,0
"Martin Klizan",Clay,116,71,45
"Martin Klizan",Grass,14,4,10
"Martin Klizan",Hard,128,60,68
"Martin Landaluce",Clay,4,0,4
"Martin Landaluce",Hard,3,1,2
"Martin Pedersen",Carpet,4,2,2
"Martin Pedersen",Clay,4,2,2
"Martin Pedersen",Hard,4,2,2
"Martin Vaisse",Clay,2,0,2
"Martins Podzus",Clay,2,2,0
"Martins Podzus",Hard,8,2,6
"Martins Rocens",Hard,2,0,2
"Marton Fucsovics",Clay,91,48,43
"Marton Fucsovics",Grass,33,16,17
"Marton Fucsovics",Hard,190,92,98
"Martyn Pawelski",Hard,1,1,0
"Marvin Moeller",Clay,1,0,1
"Matavao Fanguna",Hard,1,0,1
"Mate Delic",Clay,18,6,12
"Mate Delic",Hard,5,0,5
"Mate Pavic",Grass,7,2,5
"Mate Pavic",Hard,1,0,1
"Mate Valkusz",Clay,5,1,4
"Mate Valkusz",Hard,4,1,3
"Matej Dodig",Clay,2,1,1
"Matej Dodig",Hard,1,1,0
"Mateus Alves",Clay,1,0,1
"Matheus Pucinelli De Almeida","",1,1,0
"Matheus Pucinelli De Almeida",Clay,3,2,1
"Mathias Bourgue",Clay,4,1,3
"Mathias Bourgue",Hard,2,0,2
"Matic Kriznik","",1,0,1
"Matic Kriznik",Clay,1,1,0
"Matic Kriznik",Hard,2,0,2
"Matija Pecotic",Hard,2,1,1
"Mats Moraing",Clay,2,1,1
"Mats Moraing",Grass,1,0,1
"Matteo Arnaldi",Clay,33,18,15
"Matteo Arnaldi",Grass,4,1,3
"Matteo Arnaldi",Hard,55,29,26
"Matteo Berrettini",Clay,85,63,22
"Matteo Berrettini",Grass,53,42,11
"Matteo Berrettini",Hard,151,84,67
"Matteo Donati",Clay,2,1,1
"Matteo Gigante",Clay,3,1,2
"Matteo Martineau",Grass,1,0,1
"Matteo Martineau",Hard,1,0,1
"Matteo Trevisan",Clay,1,0,1
"Matteo Viola",Clay,2,0,2
"Matteo Viola",Grass,1,0,1
"Matteo Viola",Hard,1,0,1
"Matthew Barton",Clay,2,1,1
"Matthew Barton",Grass,2,1,1
"Matthew Barton",Hard,4,2,2
"Matthew Ebden",Clay,17,1,16
"Matthew Ebden",Grass,38,16,22
"Matthew Ebden",Hard,99,33,66
"Matthew Forbes",Hard,1,0,1
"Matthew Foster Estwick",Hard,2,0,2
"Matthias Bachinger",Clay,7,2,5
"Matthias Bachinger",Grass,3,1,2
"Matthias Bachinger",Hard,26,15,11
"Mattia Bellucci",Clay,1,0,1
"Mattia Bellucci",Grass,1,0,1
"Mattia Bellucci",Hard,13,6,7
"Mattias Siimar",Hard,2,0,2
"Matwe Middelkoop",Hard,2,2,0
"Mauricio Echazu",Clay,13,9,4
"Mauricio Echazu",Hard,4,2,2
"Max Hans Rehberg",Clay,4,0,4
"Max Purcell",Clay,11,4,7
"Max Purcell",Grass,19,8,11
"Max Purcell",Hard,55,20,35
"Maxim Bulat",Hard,2,0,2
"Maxim Dubarenco",Carpet,4,0,4
"Maxim Dubarenco",Clay,4,4,0
"Maxim Dubarenco",Hard,4,2,2
"Maxim Shin",Hard,1,0,1
"Maxime Cressy",Clay,11,1,10
"Maxime Cressy",Grass,24,13,11
"Maxime Cressy",Hard,66,29,37
"Maxime Hamou",Clay,3,0,3
"Maxime Janvier",Clay,4,0,4
"Maxime Janvier",Grass,1,0,1
"Maxime Janvier",Hard,1,0,1
"Maxime Teixeira",Clay,1,0,1
"Maximilian Marterer",Clay,50,19,31
"Maximilian Marterer",Grass,14,4,10
"Maximilian Marterer",Hard,56,18,38
"Maximo Gonzalez",Clay,24,9,15
"Maximo Gonzalez",Hard,5,0,5
"Maximus Jones",Clay,1,0,1
"Mazen Osama",Hard,2,2,0
"Mehdi Jdi",Carpet,1,0,1
"Mehdi Jdi",Hard,1,0,1
"Mehluli Don Ayanda Sibanda",Clay,1,0,1
"Mehluli Don Ayanda Sibanda",Hard,3,0,3
"Menelaos Efstathiou","",2,1,1
"Menelaos Efstathiou",Clay,1,0,1
"Menelaos Efstathiou",Hard,2,0,2
"Michael Agwi","",1,0,1
"Michael Agwi",Clay,2,2,0
"Michael Agwi",Hard,2,0,2
"Michael Bassem Sobhy",Clay,1,0,1
"Michael Bassem Sobhy",Hard,1,0,1
"Michael Berrer",Clay,9,0,9
"Michael Berrer",Grass,4,1,3
"Michael Berrer",Hard,34,15,19
"Michael Geerts",Clay,1,1,0
"Michael Geerts",Hard,2,0,2
"Michael Lammer",Hard,5,0,5
"Michael Linzer",Clay,2,0,2
"Michael Llodra",Clay,6,2,4
"Michael Llodra",Hard,14,6,8
"Michael Mmoh",Clay,9,3,6
"Michael Mmoh",Grass,4,1,3
"Michael Mmoh",Hard,57,25,32
"Michael Russell",Clay,6,2,4
"Michael Russell",Grass,4,0,4
"Michael Russell",Hard,25,10,15
"Michael Venus",Clay,1,0,1
"Michael Venus",Hard,16,4,12
"Michael Vrbensky",Hard,1,0,1
"Michail Pervolarakis",Clay,1,0,1
"Michail Pervolarakis",Hard,12,2,10
"Michal Przysiezny",Clay,8,0,8
"Michal Przysiezny",Grass,7,0,7
"Michal Przysiezny",Hard,44,10,34
"Michel Saade",Hard,1,0,1
"Micke Kontinen",Clay,2,0,2
"Micke Kontinen",Hard,2,0,2
"Miguel Angel Este",Clay,1,0,1
"Miguel Angel Este",Hard,1,1,0
"Miguel Angel Reyes Varela",Hard,12,6,6
"Miguel Gallardo Valles",Hard,4,2,2
"Mikael Torpegaard",Carpet,2,1,1
"Mikael Torpegaard",Clay,2,2,0
"Mikael Torpegaard",Grass,1,0,1
"Mikael Torpegaard",Hard,9,4,5
"Mikael Ymer",Clay,33,14,19
"Mikael Ymer",Grass,13,6,7
"Mikael Ymer",Hard,106,53,53
"Mike Scheidweiler",Hard,2,0,2
"Mike Urbanija",Hard,4,0,4
"Mikelis Libietis",Clay,1,0,1
"Mikelis Libietis",Hard,5,1,4
"Mikhail Kukushkin",Clay,71,21,50
"Mikhail Kukushkin",Grass,39,16,23
"Mikhail Kukushkin",Hard,225,98,127
"Mikhail Ledovskikh",Clay,1,0,1
"Mikhail Youzhny",Clay,64,22,42
"Mikhail Youzhny",Grass,26,9,17
"Mikhail Youzhny",Hard,119,48,71
"Mili Poljicak",Clay,2,0,2
"Miljan Zekic",Clay,3,1,2
"Milos Raonic",Clay,77,52,25
"Milos Raonic",Grass,70,50,20
"Milos Raonic",Hard,309,207,102
"Miloslav Mecir Jr",Clay,2,0,2
"Miloslav Mecir Jr",Hard,2,0,2
"Min Kyu Song",Hard,1,0,1
"Minh Quan Do",Hard,4,2,2
"Minhtuan Pham","",1,0,1
"Minhtuan Pham",Hard,2,0,2
"Minjong Park",Grass,1,0,1
"Miomir Kecmanovic",Clay,76,39,37
"Miomir Kecmanovic",Grass,32,15,17
"Miomir Kecmanovic",Hard,185,91,94
"Mirza Basic",Carpet,4,4,0
"Mirza Basic",Clay,21,7,14
"Mirza Basic",Grass,4,1,3
"Mirza Basic",Hard,47,23,24
"Mischa Zverev",Clay,38,13,25
"Mischa Zverev",Grass,30,17,13
"Mischa Zverev",Hard,102,42,60
"Mitchell Krueger",Clay,2,1,1
"Mitchell Krueger",Grass,6,1,5
"Mitchell Krueger",Hard,25,8,17
"Moez Echargui","",2,2,0
"Moez Echargui",Clay,1,0,1
"Moez Echargui",Hard,2,1,1
"Mohamed Safwat","",2,1,1
"Mohamed Safwat",Clay,14,8,6
"Mohamed Safwat",Grass,2,1,1
"Mohamed Safwat",Hard,22,7,15
"Mohammad Ghareeb",Clay,4,3,1
"Mohammad Ghareeb",Hard,7,5,2
"Mohd Assri Merzuki",Hard,2,1,1
"Mohsen Hossein Zade",Clay,1,0,1
"Mohsen Hossein Zade",Hard,2,0,2
"Mousa Alkotop","",2,1,1
"Mousa Shanan Zayed",Hard,2,0,2
"Mubarak Shannan Zayid",Hard,4,0,4
"Muhammad Althaf Dhaifullah",Hard,1,0,1
"Muhammad Shoaib","",1,0,1
"Muhammad Shoaib",Clay,1,0,1
"Muhammad Shoaib",Grass,3,1,2
"Muhammad Shoaib",Hard,1,0,1
"Murkel Alejandro Dellien Velasco",Clay,4,2,2
"Murkel Alejandro Dellien Velasco",Hard,2,0,2
"Mustapha El Natour",Clay,1,1,0
"Muzammil Murtaza",Clay,2,0,2
"Muzammil Murtaza",Grass,2,0,2
"Mykyta Mashtakov",Clay,1,0,1
"N Sriram Balaji",Clay,1,0,1
"N Sriram Balaji",Grass,1,1,0
"N Sriram Balaji",Hard,1,0,1
"N Vijay Sundar Prashanth",Hard,1,0,1
"Nam Hoang Ly","",2,2,0
"Nam Hoang Ly",Clay,1,0,1
"Nam Hoang Ly",Hard,7,5,2
"Naser Al Obaidly",Clay,1,0,1
"Nathan Anthony Barki",Hard,1,0,1
"Nathan Pasha",Hard,2,0,2
"Nenad Zimonjic",Hard,2,0,2
"Nerman Fatic",Clay,3,1,2
"Nerman Fatic",Hard,6,4,2
"Nicholas Campbell",Hard,1,0,1
"Nicholas David Ionel","",2,1,1
"Nicholas David Ionel",Clay,2,1,1
"Nicholas David Ionel",Hard,1,0,1
"Nick Chappell",Hard,2,0,2
"Nick Hardt",Clay,3,1,2
"Nick Hardt",Hard,5,2,3
"Nick Kyrgios",Clay,51,27,24
"Nick Kyrgios",Grass,64,43,21
"Nick Kyrgios",Hard,228,148,80
"Nicola Kuhn",Clay,4,1,3
"Nicola Kuhn",Grass,2,0,2
"Nicola Kuhn",Hard,6,2,4
"Nicolaas Scholtz",Hard,11,5,6
"Nicolae Frunza",Hard,1,0,1
"Nicolai Budkov Kjaer",Clay,2,0,2
"Nicolai Budkov Kjaer",Hard,2,2,0
"Nicolas Almagro",Clay,113,65,48
"Nicolas Almagro",Grass,4,1,3
"Nicolas Almagro",Hard,38,14,24
"Nicolas Alvarez",Clay,9,5,4
"Nicolas Alvarez",Hard,3,2,1
"Nicolas Alvarez Varona",Clay,1,0,1
"Nicolas Alvarez Varona",Hard,2,1,1
"Nicolas Barrientos",Clay,2,1,1
"Nicolas Barrientos",Hard,4,0,4
"Nicolas Jarry",Clay,119,71,48
"Nicolas Jarry",Grass,18,8,10
"Nicolas Jarry",Hard,90,37,53
"Nicolas Kicker",Clay,35,15,20
"Nicolas Kicker",Grass,1,0,1
"Nicolas Kicker",Hard,12,4,8
"Nicolas Mahut",Clay,34,11,23
"Nicolas Mahut",Grass,45,28,17
"Nicolas Mahut",Hard,116,48,68
"Nicolas Mejia",Clay,6,3,3
"Nicolas Mejia",Hard,10,0,10
"Nicolas Moreno De Alboran",Clay,11,5,6
"Nicolas Moreno De Alboran",Hard,6,1,5
"Nicolas Xiviller",Hard,1,1,0
"Niels Desein",Grass,1,0,1
"Niels Desein",Hard,2,0,2
"Nik Razborsek",Grass,1,0,1
"Nik Razborsek",Hard,2,1,1
"Niki Kaliyanda Poonacha",Grass,1,1,0
"Nikola Cacic",Clay,2,1,1
"Nikola Mektic",Clay,5,2,3
"Nikola Mektic",Hard,3,0,3
"Nikola Milojevic",Clay,11,5,6
"Nikola Milojevic",Hard,5,2,3
"Nikolas Sanchez Izquierdo",Clay,1,0,1
"Nikolay Davydenko",Clay,10,2,8
"Nikolay Davydenko",Hard,24,10,14
"Nikoloz Basilashvili",Carpet,3,2,1
"Nikoloz Basilashvili",Clay,95,44,51
"Nikoloz Basilashvili",Grass,33,15,18
"Nikoloz Basilashvili",Hard,188,85,103
"Nikoloz Davlianidze",Hard,1,0,1
"Nino Serdarusic",Clay,6,1,5
"Nino Serdarusic",Hard,4,1,3
"Nishesh Basavareddy",Hard,3,1,2
"Noah Rubin",Clay,5,1,4
"Noah Rubin",Grass,2,0,2
"Noah Rubin",Hard,24,7,17
"Norbert Gombos",Clay,29,12,17
"Norbert Gombos",Grass,5,0,5
"Norbert Gombos",Hard,57,15,42
"Nour Nehme",Hard,1,0,1
"Novak Djokovic",Clay,206,172,34
"Novak Djokovic",Grass,80,75,5
"Novak Djokovic",Hard,470,410,60
"Nuno Borges",Clay,31,16,15
"Nuno Borges",Grass,6,0,6
"Nuno Borges",Hard,52,23,29
"Nutthanon Kadchapanan",Hard,2,2,0
"Ognian Kolev",Hard,8,2,6
"Olaf Pieczkowski",Hard,2,2,0
"Oleksandr Ovcharenko","",1,0,1
"Oleksandr Ovcharenko",Hard,1,0,1
"Oleksii Krutykh",Clay,1,0,1
"Oleksii Krutykh",Hard,6,2,4
"Oliver Anderson",Hard,1,0,1
"Oliver Marach",Clay,1,1,0
"Oliver Ojakaar",Clay,2,2,0
"Omar Awadhy",Hard,1,0,1
"Omar Jasika",Hard,6,1,5
"Omni Kumar",Hard,5,2,3
"Orel Kimhi",Hard,1,0,1
"Oriol Roca Batalla",Clay,3,1,2
"Orlando Luz",Clay,2,1,1
"Oscar Otte",Clay,21,9,12
"Oscar Otte",Grass,18,10,8
"Oscar Otte",Hard,47,15,32
"Osgar Ohoisin","",1,0,1
"Osgar Ohoisin",Clay,2,1,1
"Osgar Ohoisin",Hard,3,1,2
"Otto Virtanen",Clay,4,1,3
"Otto Virtanen",Grass,2,1,1
"Otto Virtanen",Hard,20,9,11
"Pablo Andujar",Clay,142,73,69
"Pablo Andujar",Grass,12,3,9
"Pablo Andujar",Hard,105,35,70
"Pablo Carreno Busta",Clay,218,119,99
"Pablo Carreno Busta",Grass,21,6,15
"Pablo Carreno Busta",Hard,284,160,124
"Pablo Cuevas",Clay,210,129,81
"Pablo Cuevas",Grass,17,6,11
"Pablo Cuevas",Hard,117,47,70
"Pablo Llamas Ruiz",Clay,6,3,3
"Pablo Llamas Ruiz",Hard,2,1,1
"Pablo Nunez",Hard,2,0,2
"Pak Long Yeung",Hard,2,0,2
"Palaphoom Kovapitukted",Clay,1,1,0
"Palaphoom Kovapitukted",Hard,3,1,2
"Paolo Lorenzi",Clay,116,54,62
"Paolo Lorenzi",Grass,19,2,17
"Paolo Lorenzi",Hard,96,38,58
"Patrick Ciorcila",Clay,2,0,2
"Patrick Kaukovalta",Hard,1,0,1
"Patrick Kypson",Clay,2,0,2
"Patrick Kypson",Hard,7,3,4
"Patrick Tierro",Clay,5,3,2
"Patrick Tierro",Hard,4,0,4
"Patrik Niklas Salminen",Carpet,1,0,1
"Patrik Niklas Salminen",Clay,1,1,0
"Patrik Niklas Salminen",Hard,2,0,2
"Patrik Rosenholm",Hard,4,1,3
"Paul Henri Mathieu",Clay,50,22,28
"Paul Henri Mathieu",Grass,14,4,10
"Paul Henri Mathieu",Hard,59,22,37
"Paul Jubb",Grass,9,3,6
"Pavel Kotov",Clay,32,17,15
"Pavel Kotov",Grass,4,2,2
"Pavel Kotov",Hard,44,17,27
"Pedja Krstin",Clay,5,3,2
"Pedja Krstin",Hard,4,0,4
"Pedro Cachin",Clay,49,20,29
"Pedro Cachin",Grass,2,0,2
"Pedro Cachin",Hard,21,5,16
"Pedro Martinez",Clay,88,42,46
"Pedro Martinez",Grass,10,3,7
"Pedro Martinez",Hard,61,23,38
"Pedro Sakamoto",Clay,1,0,1
"Pedro Sousa",Clay,27,11,16
"Pedro Sousa",Grass,1,0,1
"Pedro Sousa",Hard,12,2,10
"Pere Riba",Clay,21,6,15
"Pere Riba",Grass,2,0,2
"Pere Riba",Hard,8,0,8
"Peter August Anker",Hard,1,0,1
"Peter Bertran",Clay,2,2,0
"Peter Bertran",Hard,2,1,1
"Peter Bothwell",Hard,2,1,1
"Peter Gojowczyk",Clay,26,7,19
"Peter Gojowczyk",Grass,29,14,15
"Peter Gojowczyk",Hard,133,62,71
"Peter Nagy",Clay,6,3,3
"Peter Nagy",Hard,1,0,1
"Peter Polansky",Clay,6,0,6
"Peter Polansky",Grass,3,0,3
"Peter Polansky",Hard,37,10,27
"Peter Torebko",Clay,1,0,1
"Petr Nesterov",Clay,1,0,1
"Petr Nesterov",Hard,1,1,0
"Petros Chrysochos","",2,1,1
"Petros Chrysochos",Clay,8,3,5
"Petros Chrysochos",Hard,4,0,4
"Petros Tsitsipas",Clay,5,3,2
"Petros Tsitsipas",Hard,2,0,2
"Philip Bester",Clay,1,0,1
"Philip Bester",Hard,1,0,1
"Philip Davydenko",Clay,4,2,2
"Philip Henning",Clay,3,0,3
"Philip Henning",Hard,4,3,1
"Philip Hjorth",Hard,1,0,1
"Philip Sekulic",Hard,3,1,2
"Philip Wilbert Major",Hard,2,0,2
"Philipp Kohlschreiber",Clay,156,92,64
"Philipp Kohlschreiber",Grass,45,24,21
"Philipp Kohlschreiber",Hard,210,110,100
"Philipp Oswald",Hard,2,0,2
"Philipp Petzschner",Clay,2,0,2
"Philipp Petzschner",Hard,4,2,2
"Phillip King",Hard,8,4,4
"Phuong Van Nguyen",Clay,1,0,1
"Pierre Hugues Herbert",Clay,43,17,26
"Pierre Hugues Herbert",Grass,33,15,18
"Pierre Hugues Herbert",Hard,165,73,92
"Potito Starace",Clay,6,2,4
"Prajnesh Gunneswaran",Clay,2,0,2
"Prajnesh Gunneswaran",Grass,8,2,6
"Prajnesh Gunneswaran",Hard,29,9,20
"Pruchya Isarow",Hard,18,12,6
"Puriwat Chatpatcharoen",Hard,2,0,2
"Quang Huy Ngo",Hard,2,0,2
"Quentin Halys",Clay,23,9,14
"Quentin Halys",Grass,11,6,5
"Quentin Halys",Hard,63,20,43
"Quinton Vega",Hard,2,0,2
"Radek Stepanek",Clay,28,13,15
"Radek Stepanek",Grass,20,12,8
"Radek Stepanek",Hard,65,29,36
"Radu Albot",Carpet,4,4,0
"Radu Albot",Clay,67,28,39
"Radu Albot",Grass,24,8,16
"Radu Albot",Hard,158,66,92
"Rafa Orantes",Hard,1,0,1
"Rafael Arevalo",Clay,2,2,0
"Rafael Arevalo",Hard,6,0,6
"Rafael Eduardo Gonzalez Retana",Hard,1,0,1
"Rafael Nadal",Clay,251,217,34
"Rafael Nadal",Grass,39,29,10
"Rafael Nadal",Hard,301,230,71
"Rajeev Ram",Clay,9,4,5
"Rajeev Ram",Grass,15,8,7
"Rajeev Ram",Hard,44,15,29
"Ramkumar Ramanathan",Clay,1,0,1
"Ramkumar Ramanathan",Grass,16,11,5
"Ramkumar Ramanathan",Hard,47,14,33
"Raphael Calzi","",1,1,0
"Raphael Collignon",Hard,3,0,3
"Raul Brancaccio",Clay,1,0,1
"Raul Garcia","",1,0,1
"Rayane Roumane",Hard,1,0,1
"Raymond Sarmiento",Hard,1,0,1
"Reda El Amrani",Carpet,2,1,1
"Reda El Amrani",Clay,3,1,2
"Reilly Opelka",Clay,32,14,18
"Reilly Opelka",Grass,15,6,9
"Reilly Opelka",Hard,141,76,65
"Remy Bertola",Hard,1,1,0
"Renzo Olivo",Clay,49,23,26
"Renzo Olivo",Grass,1,0,1
"Renzo Olivo",Hard,9,2,7
"Rhett Purcell",Hard,1,1,0
"Rhyne Williams",Clay,2,0,2
"Rhyne Williams",Hard,11,4,7
"Ricardas Berankis","",1,1,0
"Ricardas Berankis",Clay,36,11,25
"Ricardas Berankis",Grass,22,6,16
"Ricardas Berankis",Hard,167,88,79
"Ricardo Ojeda Lara",Clay,3,1,2
"Ricardo Ojeda Lara",Hard,3,2,1
"Ricardo Rodriguez",Clay,9,4,5
"Ricardo Rodriguez",Hard,21,14,7
"Riccardo Bellotti",Clay,1,0,1
"Riccardo Bonadio",Clay,3,1,2
"Richard Gasquet",Clay,129,71,58
"Richard Gasquet",Grass,61,36,25
"Richard Gasquet",Hard,321,183,138
"Rigele Te","",2,0,2
"Rigele Te",Clay,2,2,0
"Rigele Te",Hard,2,0,2
"Rik De Voest",Hard,8,4,4
"Rinky Hijikata",Clay,6,1,5
"Rinky Hijikata",Grass,14,7,7
"Rinky Hijikata",Hard,44,20,24
"Rio Noguchi",Hard,2,1,1
"Robby Ginepri",Clay,4,0,4
"Robby Ginepri",Grass,2,0,2
"Robby Ginepri",Hard,16,6,10
"Robert Farah",Clay,2,0,2
"Robert Strombachs","",1,0,1
"Robert Strombachs",Hard,6,4,2
"Roberto Bautista Agut",Clay,175,104,71
"Roberto Bautista Agut",Grass,79,56,23
"Roberto Bautista Agut",Hard,445,278,167
"Roberto Carballes Baena",Clay,175,88,87
"Roberto Carballes Baena",Grass,17,4,13
"Roberto Carballes Baena",Hard,78,29,49
"Roberto Cid",Clay,4,1,3
"Roberto Cid",Hard,6,1,5
"Roberto Marcora",Clay,1,0,1
"Roberto Marcora",Hard,6,3,3
"Roberto Ortega Olmedo",Clay,1,0,1
"Roberto Quiroz",Clay,7,4,3
"Roberto Quiroz",Grass,1,0,1
"Roberto Quiroz",Hard,11,4,7
"Robin Haase",Clay,114,52,62
"Robin Haase",Grass,38,18,20
"Robin Haase",Hard,161,67,94
"Rodrigo Arus",Clay,1,0,1
"Rodrigo Arus",Hard,2,1,1
"Rodrigo Banzer",Clay,1,0,1
"Rodrigo Banzer",Hard,1,1,0
"Rodrigo Crespo Piedra",Hard,2,0,2
"Rodrigo Pacheco Mendez",Clay,2,2,0
"Rodrigo Pacheco Mendez",Hard,7,1,6
"Rodrigo Senattore",Hard,4,2,2
"Roey Tabet",Clay,1,0,1
"Roger Federer",Clay,63,44,19
"Roger Federer",Grass,93,81,12
"Roger Federer",Hard,327,282,45
"Rogerio Dutra Silva",Clay,50,18,32
"Rogerio Dutra Silva",Grass,3,0,3
"Rogerio Dutra Silva",Hard,20,5,15
"Rohan Bopanna",Grass,1,1,0
"Romain Arneodo",Clay,4,3,1
"Romain Arneodo",Hard,10,8,2
"Roman Andres Burruchaga",Clay,4,1,3
"Roman Hassanov",Hard,1,0,1
"Roman Safiullin",Clay,21,9,12
"Roman Safiullin",Grass,13,7,6
"Roman Safiullin",Hard,73,34,39
"Rowland Phillips","",1,1,0
"Rowland Phillips",Clay,3,1,2
"Rowland Phillips",Hard,3,0,3
"Ruan Roelofse",Hard,7,2,5
"Ruben Bemelmans",Clay,9,3,6
"Ruben Bemelmans",Grass,10,3,7
"Ruben Bemelmans",Hard,41,13,28
"Ruben Gonzales",Clay,7,6,1
"Ruben Gonzales",Hard,3,2,1
"Ruben Ramirez Hidalgo",Clay,6,0,6
"Rudolf Molleker",Clay,12,4,8
"Rudolf Molleker",Grass,5,1,4
"Rudolf Molleker",Hard,1,0,1
"Rudolfs Mednis",Hard,4,0,4
"Rui Machado",Clay,8,3,5
"Rui Machado",Hard,3,3,0
"Russell Moseley",Hard,3,0,3
"Ryan Harrison",Clay,23,8,15
"Ryan Harrison",Grass,15,2,13
"Ryan Harrison",Hard,132,62,70
"Ryan Peniston",Grass,12,6,6
"Ryan Peniston",Hard,1,0,1
"Ryan Shane",Hard,1,0,1
"Saba Purtseladze","",1,1,0
"Saba Purtseladze",Hard,4,1,3
"Saketh Myneni",Grass,1,1,0
"Saketh Myneni",Hard,5,2,3
"Salvador Andres Bolanos",Clay,2,0,2
"Salvador Andres Bolanos",Hard,2,0,2
"Salvatore Caruso",Clay,27,8,19
"Salvatore Caruso",Grass,4,0,4
"Salvatore Caruso",Hard,32,11,21
"Sam Barry",Hard,6,0,6
"Sam Groth",Clay,5,1,4
"Sam Groth",Grass,29,17,12
"Sam Groth",Hard,80,27,53
"Sam Querrey",Clay,64,30,34
"Sam Querrey",Grass,85,55,30
"Sam Querrey",Hard,241,120,121
"Sam Riffice",Hard,1,0,1
"Samir Iftikhar",Clay,2,0,2
"Samir Iftikhar",Hard,6,3,3
"Sanam Singh",Hard,2,0,2
"Sandro Ehrat",Clay,4,1,3
"Sandro Ehrat",Hard,1,0,1
"Sanjar Fayziev",Clay,3,1,2
"Sanjar Fayziev",Grass,3,0,3
"Sanjar Fayziev",Hard,10,1,9
"Santiago Fa Rodriguez Taverna",Clay,1,0,1
"Santiago Giraldo",Clay,122,67,55
"Santiago Giraldo",Grass,15,7,8
"Santiago Giraldo",Hard,80,25,55
"Santiago Maresca",Clay,1,0,1
"Santiago Maresca",Hard,4,3,1
"Sarp Agabigun",Hard,1,1,0
"Sasi Kumar Mukund",Grass,1,0,1
"Sasi Kumar Mukund",Hard,3,0,3
"Scott Griekspoor",Hard,1,0,1
"Seanon Williams",Clay,2,0,2
"Seanon Williams",Hard,5,2,3
"Sebastian Arcila",Hard,3,1,2
"Sebastian Baez",Clay,105,68,37
"Sebastian Baez",Grass,10,3,7
"Sebastian Baez",Hard,64,20,44
"Sebastian Dominguez",Hard,1,0,1
"Sebastian Dominko","",1,0,1
"Sebastian Dominko",Clay,2,0,2
"Sebastian Dominko",Hard,2,1,1
"Sebastian Fanselow",Clay,1,0,1
"Sebastian Korda",Clay,42,23,19
"Sebastian Korda",Grass,25,16,9
"Sebastian Korda",Hard,139,87,52
"Sebastian Ofner",Clay,43,18,25
"Sebastian Ofner",Grass,15,7,8
"Sebastian Ofner",Hard,35,16,19
"Sebastian Quiros",Clay,2,0,2
"Sebastian Quiros",Hard,1,0,1
"Sekou Bangoura",Hard,1,0,1
"Seong Chan Hong",Clay,2,1,1
"Seong Chan Hong",Grass,2,0,2
"Seong Chan Hong",Hard,17,5,12
"Sergey Fomin",Hard,7,2,5
"Sergio Galdos",Clay,4,2,2
"Sergis Kyratzis",Clay,8,2,6
"Sergiy Stakhovsky",Clay,33,14,19
"Sergiy Stakhovsky",Grass,36,18,18
"Sergiy Stakhovsky",Hard,119,49,70
"Shahin Khaledan",Clay,1,1,0
"Shahin Khaledan",Hard,5,1,4
"Sharmal Dissanayake",Clay,6,2,4
"Sharmal Dissanayake",Hard,4,1,3
"Sheil Kotecha",Hard,1,0,1
"Sherif Sabry",Hard,2,0,2
"Shintaro Mochizuki",Clay,1,0,1
"Shintaro Mochizuki",Grass,3,0,3
"Shintaro Mochizuki",Hard,18,3,15
"Sho Shimabukuro",Grass,1,0,1
"Sho Shimabukuro",Hard,11,4,7
"Siddharth Vishwakarma",Hard,1,0,1
"Siim Troost",Hard,1,0,1
"Simen Sunde Bratholm",Hard,3,1,2
"Simon Carr","",1,0,1
"Simon Carr",Hard,4,1,3
"Simone Bolelli",Clay,39,19,20
"Simone Bolelli",Grass,16,9,7
"Simone Bolelli",Hard,59,22,37
"Sina Moghimi",Clay,2,1,1
"Skander Mansouri","",1,0,1
"Skander Mansouri",Clay,2,1,1
"Skander Mansouri",Hard,3,0,3
"Skyler Butts",Hard,1,1,0
"Somdev Devvarman",Clay,10,2,8
"Somdev Devvarman",Grass,4,0,4
"Somdev Devvarman",Hard,28,14,14
"Soon Woo Kwon",Clay,21,9,12
"Soon Woo Kwon",Grass,12,5,7
"Soon Woo Kwon",Hard,103,50,53
"Soren Hess Olesen",Carpet,2,1,1
"Soren Hess Olesen",Hard,3,1,2
"Soufiane El Mesbahi",Hard,1,0,1
"Spencer Newman",Hard,1,0,1
"Stan Wawrinka",Clay,124,77,47
"Stan Wawrinka",Grass,47,28,19
"Stan Wawrinka",Hard,338,219,119
"Stefan Kozlov",Clay,1,0,1
"Stefan Kozlov",Grass,12,5,7
"Stefan Kozlov",Hard,22,4,18
"Stefano Napolitano",Clay,8,3,5
"Stefano Napolitano",Grass,1,0,1
"Stefano Napolitano",Hard,1,0,1
"Stefano Travaglia",Clay,32,11,21
"Stefano Travaglia",Grass,6,1,5
"Stefano Travaglia",Hard,48,17,31
"Stefanos Sakellaridis",Hard,4,1,3
"Stefanos Tsitsipas",Clay,153,117,36
"Stefanos Tsitsipas",Grass,39,22,17
"Stefanos Tsitsipas",Hard,320,208,112
"Stephane Robert",Clay,28,9,19
"Stephane Robert",Grass,8,2,6
"Stephane Robert",Hard,45,16,29
"Steve Darcis",Clay,20,8,12
"Steve Darcis",Grass,10,3,7
"Steve Darcis",Hard,71,32,39
"Steve Johnson",Clay,72,36,36
"Steve Johnson",Grass,76,43,33
"Steve Johnson",Hard,272,134,138
"Steven Diez",Clay,9,1,8
"Steven Diez",Hard,7,1,6
"Strong Kirchheimer",Hard,2,0,2
"Stylianos Christodoulou",Clay,1,0,1
"Stylianos Christodoulou",Hard,1,1,0
"Sumit Nagal",Clay,19,6,13
"Sumit Nagal",Grass,1,0,1
"Sumit Nagal",Hard,28,7,21
"Sunu Wahyu Trijati",Hard,1,1,0
"Syed Mohd Agil Syed Naguib",Hard,1,0,1
"Sylvestre Monnou",Hard,1,1,0
"Tadas Babelis",Clay,2,0,2
"Tadas Babelis",Hard,3,0,3
"Takanyi Garanganga",Hard,11,4,7
"Takuto Niki",Hard,1,0,1
"Tallon Griekspoor",Clay,40,18,22
"Tallon Griekspoor",Grass,27,16,11
"Tallon Griekspoor",Hard,123,60,63
"Tao Mu",Hard,1,0,1
"Taro Daniel",Clay,92,38,54
"Taro Daniel",Grass,10,0,10
"Taro Daniel",Hard,144,52,92
"Tatsuma Ito",Clay,1,0,1
"Tatsuma Ito",Grass,14,6,8
"Tatsuma Ito",Hard,38,12,26
"Taylor Fritz",Clay,89,52,37
"Taylor Fritz",Grass,56,33,23
"Taylor Fritz",Hard,331,200,131
"Tegar Abdi Satrio Wibowo",Hard,1,0,1
"Temur Ismailov",Clay,1,0,1
"Temur Ismailov",Grass,2,0,2
"Temur Ismailov",Hard,2,1,1
"Tennys Sandgren",Clay,30,9,21
"Tennys Sandgren",Grass,16,8,8
"Tennys Sandgren",Hard,77,30,47
"Terence Atmane",Clay,4,2,2
"Terence Atmane",Hard,10,2,8
"Teymuraz Gabashvili",Clay,62,27,35
"Teymuraz Gabashvili",Grass,11,3,8
"Teymuraz Gabashvili",Hard,94,38,56
"Thabo Ncube",Clay,1,0,1
"Thai Son Kwiatkowski",Grass,1,0,1
"Thai Son Kwiatkowski",Hard,6,0,6
"Thanapet Chanta",Clay,1,0,1
"Thanasi Kokkinakis",Clay,26,9,17
"Thanasi Kokkinakis",Grass,13,5,8
"Thanasi Kokkinakis",Hard,143,64,79
"Thehan Sanjaya Wijemanne",Clay,1,0,1
"Theo Papamalamis",Hard,1,0,1
"Theodoros Angelinos",Clay,2,0,2
"Thiago Agustin Tirante",Clay,14,7,7
"Thiago Agustin Tirante",Hard,3,1,2
"Thiago Monteiro","",1,1,0
"Thiago Monteiro",Clay,132,63,69
"Thiago Monteiro",Grass,9,2,7
"Thiago Monteiro",Hard,80,26,54
"Thiago Seyboth Wild",Clay,49,22,27
"Thiago Seyboth Wild",Grass,4,2,2
"Thiago Seyboth Wild",Hard,26,9,17
"Thiemo De Bakker",Clay,17,6,11
"Thiemo De Bakker",Grass,7,4,3
"Thiemo De Bakker",Hard,41,14,27
"Thien Nguyen Hoang",Hard,12,5,7
"Thomas Fabbiano",Clay,25,6,19
"Thomas Fabbiano",Grass,14,8,6
"Thomas Fabbiano",Hard,48,13,35
"Thomas Fancutt",Hard,1,0,1
"Thomas Oger",Hard,1,1,0
"Thomas Yaka Kofi Setodji",Hard,4,3,1
"Thomaz Bellucci",Clay,126,66,60
"Thomaz Bellucci",Grass,7,1,6
"Thomaz Bellucci",Hard,74,33,41
"Ti Chen",Clay,2,2,0
"Ti Chen",Hard,6,1,5
"Tigre Hank",Clay,2,0,2
"Tigre Hank",Hard,11,2,9
"Tihomir Grozdanov",Clay,1,1,0
"Tihomir Grozdanov",Hard,2,2,0
"Tilen Zitnik",Hard,2,0,2
"Tim Puetz",Grass,4,2,2
"Tim Puetz",Hard,1,0,1
"Tim Smyczek",Clay,8,2,6
"Tim Smyczek",Grass,15,4,11
"Tim Smyczek",Hard,81,29,52
"Tim Van Rijthoven",Grass,11,8,3
"Tim Van Rijthoven",Hard,11,3,8
"Timofey Skatov",Clay,8,6,2
"Timofey Skatov",Hard,9,2,7
"Titouan Droguet",Clay,1,0,1
"Titouan Droguet",Hard,3,1,2
"Tobias Kamke",Clay,18,8,10
"Tobias Kamke",Grass,9,4,5
"Tobias Kamke",Hard,48,16,32
"Tom Diederich",Hard,1,0,1
"Tom Kocevar Desman",Clay,1,1,0
"Tom Kocevar Desman",Hard,3,0,3
"Tomas Barrios Vera",Clay,13,5,8
"Tomas Barrios Vera",Grass,3,1,2
"Tomas Barrios Vera",Hard,6,1,5
"Tomas Berdych",Clay,80,51,29
"Tomas Berdych",Grass,41,27,14
"Tomas Berdych",Hard,273,188,85
"Tomas Machac",Clay,21,12,9
"Tomas Machac",Grass,4,1,3
"Tomas Machac",Hard,65,36,29
"Tomas Martin Etcheverry",Clay,73,40,33
"Tomas Martin Etcheverry",Grass,8,2,6
"Tomas Martin Etcheverry",Hard,56,23,33
"Tomas Vaise",Hard,2,0,2
"Tomislav Brkic",Carpet,1,0,1
"Tomislav Brkic",Clay,2,0,2
"Tomislav Brkic",Hard,6,3,3
"Tomislav Ternar",Hard,2,0,2
"Tommy Haas",Clay,36,18,18
"Tommy Haas",Grass,11,4,7
"Tommy Haas",Hard,34,14,20
"Tommy Paul",Clay,52,25,27
"Tommy Paul",Grass,36,24,12
"Tommy Paul",Hard,212,127,85
"Tommy Robredo",Clay,90,46,44
"Tommy Robredo",Grass,11,7,4
"Tommy Robredo",Hard,111,65,46
"Toni Androic",Clay,1,0,1
"Toni Androic",Hard,1,0,1
"Treat Conrad Huey",Clay,1,1,0
"Treat Conrad Huey",Hard,2,2,0
"Trent Bryde",Hard,1,0,1
"Tristan Lamasine",Clay,5,2,3
"Tristan Lamasine",Grass,1,0,1
"Tristan Lamasine",Hard,3,1,2
"Tristan Schoolkate",Grass,1,0,1
"Tristan Schoolkate",Hard,4,1,3
"Tsung Hua Yang",Hard,6,1,5
"Tucker Vorster",Clay,2,1,1
"Tucker Vorster",Hard,5,4,1
"Tung Lin Wu",Hard,14,7,7
"Ugo Blanchet",Clay,2,1,1
"Ugo Blanchet",Hard,1,0,1
"Ugo Humbert",Clay,44,14,30
"Ugo Humbert",Grass,45,25,20
"Ugo Humbert",Hard,182,104,78
"Ugo Nastasi",Clay,4,0,4
"Ugo Nastasi",Hard,8,1,7
"Uladzimir Ignatik",Clay,4,0,4
"Ulises Blanch",Hard,1,0,1
"Vaclav Safranek",Clay,1,0,1
"Vaclav Safranek",Hard,2,0,2
"Valentin Vacherot",Clay,8,2,6
"Valentin Vacherot",Hard,2,1,1
"Vasek Pospisil",Clay,18,0,18
"Vasek Pospisil",Grass,45,20,25
"Vasek Pospisil",Hard,228,110,118
"Viacheslav Bielinskyi","",1,1,0
"Viacheslav Bielinskyi",Hard,2,0,2
"Victor Baluda",Hard,2,0,2
"Victor Estrella",Clay,53,29,24
"Victor Estrella",Grass,21,5,16
"Victor Estrella",Hard,61,25,36
"Victor Hanescu",Clay,26,14,12
"Victor Hanescu",Grass,4,0,4
"Victor Hanescu",Hard,28,9,19
"Viktor Durasovic",Clay,3,1,2
"Viktor Durasovic",Hard,32,8,24
"Viktor Galovic",Clay,8,3,5
"Viktor Galovic",Grass,2,0,2
"Viktor Troicki",Clay,42,20,22
"Viktor Troicki",Grass,31,16,15
"Viktor Troicki",Hard,166,86,80
"Vilius Gaubas","",1,1,0
"Vilius Gaubas",Clay,1,0,1
"Vilius Gaubas",Hard,5,1,4
"Vincent Millot",Grass,1,0,1
"Vincent Millot",Hard,24,8,16
"Vit Kopriva",Clay,11,4,7
"Vit Kopriva",Grass,1,0,1
"Vit Kopriva",Hard,6,2,4
"Vitaliy Sachko",Clay,2,0,2
"Vitaliy Sachko",Hard,5,0,5
"Vladimir Ivanov",Hard,4,1,3
"Vladyslav Manafov",Hard,1,0,1
"Vladyslav Orlov","",1,1,0
"Vladyslav Orlov",Hard,4,1,3
"Wai Yu Kai",Hard,2,0,2
"Walid Ahouda",Hard,1,0,1
"Warit Sornbutnark",Hard,8,3,5
"Wayne Odesnik",Grass,2,0,2
"Wayne Odesnik",Hard,8,0,8
"Wilfredo Gonzalez",Hard,9,5,4
"William Blumberg",Grass,1,0,1
"William Kirkman",Hard,2,0,2
"Wishaya Trongcharoenchaikul",Clay,7,5,2
"Wishaya Trongcharoenchaikul",Grass,2,1,1
"Wishaya Trongcharoenchaikul",Hard,13,7,6
"Wojciech Marek",Hard,1,0,1
"Xavier Lawrence",Hard,1,0,1
"Xin Gao",Hard,2,0,2
"Yan Bai",Hard,7,1,6
"Yanaki Milev",Clay,3,2,1
"Yanaki Milev",Hard,1,0,1
"Yanki Erel",Clay,2,0,2
"Yanki Erel",Hard,1,1,0
"Yann Marti",Clay,9,4,5
"Yannick Hanfmann",Clay,96,52,44
"Yannick Hanfmann",Grass,17,7,10
"Yannick Hanfmann",Hard,40,15,25
"Yannick Maden",Clay,9,4,5
"Yannick Maden",Grass,2,0,2
"Yannick Maden",Hard,15,5,10
"Yaraslav Shyla",Clay,1,0,1
"Yaraslav Shyla",Hard,6,3,3
"Yasir Khan",Clay,2,0,2
"Yasir Khan",Hard,2,0,2
"Yasitha De Silva",Clay,3,0,3
"Yassine Dlimi",Clay,1,0,1
"Yassine Dlimi",Hard,3,2,1
"Yassine Idmbarek",Clay,4,1,3
"Yassine Idmbarek",Hard,1,0,1
"Yassir Kilani",Hard,1,0,1
"Yasutaka Uchiyama",Clay,2,0,2
"Yasutaka Uchiyama",Grass,3,0,3
"Yasutaka Uchiyama",Hard,36,12,24
"Ye Cong Mo",Hard,1,0,1
"Yen Hsun Lu",Clay,14,3,11
"Yen Hsun Lu",Grass,24,10,14
"Yen Hsun Lu",Hard,146,71,75
"Yi Zhou",Clay,1,0,1
"Yi Zhou",Hard,10,4,6
"Yibing Wu",Clay,9,3,6
"Yibing Wu",Grass,5,1,4
"Yibing Wu",Hard,34,17,17
"Yong Kyu Lim",Grass,2,1,1
"Yong Kyu Lim",Hard,7,5,2
"Yoshihito Nishioka",Clay,47,19,28
"Yoshihito Nishioka",Grass,15,4,11
"Yoshihito Nishioka",Hard,224,111,113
"Yosuke Watanuki",Clay,7,3,4
"Yosuke Watanuki",Grass,5,3,2
"Yosuke Watanuki",Hard,27,11,16
"Younes Lalami Laaroussi",Clay,2,0,2
"Younes Rachidi",Clay,2,2,0
"Yousaf Khalil",Hard,1,0,1
"Youssef Hossam",Hard,3,2,1
"Yshai Oliel","",1,1,0
"Yshai Oliel",Clay,3,1,2
"Yshai Oliel",Hard,8,3,5
"Yu Hsiou Hsu",Hard,7,3,4
"Yuichi Sugita",Clay,14,3,11
"Yuichi Sugita",Grass,30,14,16
"Yuichi Sugita",Hard,81,30,51
"Yuki Bhambri",Clay,1,0,1
"Yuki Bhambri",Grass,4,1,3
"Yuki Bhambri",Hard,49,23,26
"Yunseong Chung",Grass,1,0,1
"Yunseong Chung",Hard,1,0,1
"Yusuke Takahashi",Hard,1,0,1
"Yuta Shimizu",Grass,1,1,0
"Yuta Shimizu",Hard,1,0,1
"Yuttana Charoenphon","",2,1,1
"Yuttana Charoenphon",Hard,1,1,0
"Zachary Svajda",Grass,1,0,1
"Zachary Svajda",Hard,21,6,15
"Zdenek Kolar",Clay,3,1,2
"Zdenek Kolar",Grass,1,0,1
"Ze Zhang",Clay,6,5,1
"Ze Zhang",Hard,30,7,23
"Zhe Li",Hard,15,4,11
"Zhizhen Zhang",Clay,36,21,15
"Zhizhen Zhang",Grass,14,6,8
"Zhizhen Zhang",Hard,64,28,36
"Zizou Bergs",Clay,16,6,10
"Zizou Bergs",Grass,4,1,3
"Zizou Bergs",Hard,40,16,24
"Zsombor Piros",Clay,7,4,3
"Zsombor Piros",Hard,10,6,4
"Zura Tkemaladze","",1,1,0
"Zura Tkemaladze",Hard,3,0,3
loser_name,surface,1,0,1
winner_name,surface,1,1,0
